{
  "variants": {
    "facing=east,half=bottom,open=false": {
      "model": "minecraft:block/acacia_trapdoor_bottom_east_west_2d"
    },
    "facing=east,half=bottom,open=true": {
      "model": "minecraft:block/acacia_trapdoor_open_2d",
      "y": 90
    },
    "facing=east,half=top,open=false": {
      "model": "minecraft:block/acacia_trapdoor_top_east_west_2d"
    },
    "facing=east,half=top,open=true": {
      "model": "minecraft:block/acacia_trapdoor_open_2d",
      "y": 90
    },
    "facing=north,half=bottom,open=false": {
      "model": "minecraft:block/acacia_trapdoor_bottom_north_south_2d"
    },
    "facing=north,half=bottom,open=true": {
      "model": "minecraft:block/acacia_trapdoor_open_2d"
    },
    "facing=north,half=top,open=false": {
      "model": "minecraft:block/acacia_trapdoor_top_north_south_2d"
    },
    "facing=north,half=top,open=true": {
      "model": "minecraft:block/acacia_trapdoor_open_2d"
    },
    "facing=south,half=bottom,open=false": {
      "model": "minecraft:block/acacia_trapdoor_bottom_north_south_2d"
    },
    "facing=south,half=bottom,open=true": {
      "model": "minecraft:block/acacia_trapdoor_open_2d",
      "y": 180
    },
    "facing=south,half=top,open=false": {
      "model": "minecraft:block/acacia_trapdoor_top_north_south_2d"
    },
    "facing=south,half=top,open=true": {
      "model": "minecraft:block/acacia_trapdoor_open_2d",
      "y": 180
    },
    "facing=west,half=bottom,open=false": {
      "model": "minecraft:block/acacia_trapdoor_bottom_east_west_2d"
    },
    "facing=west,half=bottom,open=true": {
      "model": "minecraft:block/acacia_trapdoor_open_2d",
      "y": 270
    },
    "facing=west,half=top,open=false": {
      "model": "minecraft:block/acacia_trapdoor_top_east_west_2d"
    },
    "facing=west,half=top,open=true": {
      "model": "minecraft:block/acacia_trapdoor_open_2d",
      "y": 270
    }
  }
}