{
	"variants": {
		"": [
			{"model": "block/bookshelf", "weight": 100},
			{"model": "block/bookshelves/bookshelf2", "weight":100},
			{"model": "block/bookshelves/bookshelf3", "weight":100},
			{"model": "block/bookshelves/bookshelf4", "weight":100},
			{"model": "block/bookshelves/bookshelf5", "weight":100},
			{"model": "block/bookshelves/bookshelf6", "weight":100},
			{"model": "block/bookshelves/bookshelf7", "weight":100},
			{"model": "block/bookshelves/bookshelf8", "weight":100},
			{"model": "block/bookshelves/bookshelf9", "weight":120},
			{"model": "block/bookshelves/bookshelf10", "weight":120},
			{"model": "block/bookshelves/bookshelf11", "weight":120},
			{"model": "block/bookshelves/bookshelf12", "weight":120},
			{"model": "block/bookshelves/bookshelf13", "weight":120},
			{"model": "block/bookshelves/bookshelf14", "weight":120},
			{"model": "block/bookshelves/bookshelf15", "weight":120},
			{"model": "block/bookshelves/bookshelf16", "weight":120},
			{"model": "block/bookshelves/bookshelf_storm_sept", "weight":7},
			{"model": "block/bookshelves/bookshelf_blaze", "weight":20},
			{"model": "block/bookshelves/bookshelf_blaze_candle", "weight":20},
			{"model": "block/bookshelves/bookshelf_blaze_potion", "weight":20},
			{"model": "block/bookshelves/bookshelf_bundle", "weight":25},
			{"model": "block/bookshelves/bookshelf_bundle_candle", "weight":20},
			{"model": "block/bookshelves/bookshelf_bundle_map", "weight":25},
			{"model": "block/bookshelves/bookshelf_creeper", "weight":20},
			{"model": "block/bookshelves/bookshelf_creeper2", "weight":20},
			{"model": "block/bookshelves/bookshelf_dragon", "weight":20},
			{"model": "block/bookshelves/bookshelf_dragon2", "weight":20},
			{"model": "block/bookshelves/bookshelf_enderman", "weight":20},
			{"model": "block/bookshelves/bookshelf_enderman2", "weight":20},
			{"model": "block/bookshelves/bookshelf_globe", "weight":25},
			{"model": "block/bookshelves/bookshelf_globe2", "weight":25},
			{"model": "block/bookshelves/bookshelf_globe3", "weight":25},
			{"model": "block/bookshelves/bookshelf_hourglass", "weight":25},
			{"model": "block/bookshelves/bookshelf_hourglass_pot", "weight":25},
			{"model": "block/bookshelves/bookshelf_hourglass_wart", "weight":25},
			{"model": "block/bookshelves/bookshelf_map", "weight":25},
			{"model": "block/bookshelves/bookshelf_map2", "weight":25},
			{"model": "block/bookshelves/bookshelf_pot", "weight":25},
			{"model": "block/bookshelves/bookshelf_pot2", "weight":25},
			{"model": "block/bookshelves/bookshelf_potion", "weight":20},
			{"model": "block/bookshelves/bookshelf_potion2", "weight":20},
			{"model": "block/bookshelves/bookshelf_quill", "weight":20},
			{"model": "block/bookshelves/bookshelf_quill2", "weight":20},
			{"model": "block/bookshelves/bookshelf_quill_skull", "weight":15},
			{"model": "block/bookshelves/bookshelf_skull", "weight":15},
			{"model": "block/bookshelves/bookshelf_skull_candle", "weight":15},
			{"model": "block/bookshelves/bookshelf_wart_potion", "weight":20},
			{"model": "block/bookshelves/bookshelf_wart_potion2", "weight":20}
		]
	}
}