{
  "variants": {
    "": [
      {"model": "minecraft:block/brown_mushrooms/brown_mushroom", "weight": 1},
      {"model": "minecraft:block/brown_mushrooms/brown_mushroom_mid", "weight": 1},
      {"model": "minecraft:block/brown_mushrooms/brown_mushroom_tiny", "weight": 1},
      {"model": "minecraft:block/brown_mushrooms/brown_mushroom", "weight": 1, "y": 90},
      {"model": "minecraft:block/brown_mushrooms/brown_mushroom_mid", "weight": 1, "y": 90},
      {"model": "minecraft:block/brown_mushrooms/brown_mushroom_tiny", "weight": 1, "y": 90},
      {"model": "minecraft:block/brown_mushrooms/brown_mushroom", "weight": 1, "y": 180},
      {"model": "minecraft:block/brown_mushrooms/brown_mushroom_mid", "weight": 1, "y": 180},
      {"model": "minecraft:block/brown_mushrooms/brown_mushroom_tiny", "weight": 1, "y": 180},
      {"model": "minecraft:block/brown_mushrooms/brown_mushroom", "weight": 1, "y": 270},
      {"model": "minecraft:block/brown_mushrooms/brown_mushroom_mid", "weight": 1, "y": 270},
      {"model": "minecraft:block/brown_mushrooms/brown_mushroom_tiny", "weight": 1, "y": 270},
      {"model": "minecraft:block/brown_mushrooms/brown_mushroom_alt", "weight": 1},
      {"model": "minecraft:block/brown_mushrooms/brown_mushroom_mid_alt", "weight": 1},
      {"model": "minecraft:block/brown_mushrooms/brown_mushroom_tiny_alt", "weight": 1},
      {"model": "minecraft:block/brown_mushrooms/brown_mushroom_alt", "weight": 1, "y": 90},
      {"model": "minecraft:block/brown_mushrooms/brown_mushroom_mid_alt", "weight": 1, "y": 90},
      {"model": "minecraft:block/brown_mushrooms/brown_mushroom_tiny_alt", "weight": 1, "y": 90},
      {"model": "minecraft:block/brown_mushrooms/brown_mushroom_alt", "weight": 1, "y": 180},
      {"model": "minecraft:block/brown_mushrooms/brown_mushroom_mid_alt", "weight": 1, "y": 180},
      {"model": "minecraft:block/brown_mushrooms/brown_mushroom_tiny_alt", "weight": 1, "y": 180},
      {"model": "minecraft:block/brown_mushrooms/brown_mushroom_alt", "weight": 1, "y": 270},
      {"model": "minecraft:block/brown_mushrooms/brown_mushroom_mid_alt", "weight": 1, "y": 270},
      {"model": "minecraft:block/brown_mushrooms/brown_mushroom_tiny_alt", "weight": 1, "y": 270},
      {"model": "minecraft:block/brown_mushrooms/brown_mushroom_cluster", "weight": 3},
      {"model": "minecraft:block/brown_mushrooms/brown_mushroom_cluster2", "weight": 4},
      {"model": "minecraft:block/brown_mushrooms/brown_mushroom_cluster3", "weight": 3},
      {"model": "minecraft:block/brown_mushrooms/brown_mushroom_cluster4", "weight": 1},
      {"model": "minecraft:block/brown_mushrooms/brown_mushroom_cluster5", "weight": 2},
      {"model": "minecraft:block/brown_mushrooms/brown_mushroom_cluster", "weight": 3, "y": 90},
      {"model": "minecraft:block/brown_mushrooms/brown_mushroom_cluster2", "weight": 4, "y": 90},
      {"model": "minecraft:block/brown_mushrooms/brown_mushroom_cluster3", "weight": 3, "y": 90},
      {"model": "minecraft:block/brown_mushrooms/brown_mushroom_cluster4", "weight": 1, "y": 90},
      {"model": "minecraft:block/brown_mushrooms/brown_mushroom_cluster5", "weight": 2, "y": 90},
      {"model": "minecraft:block/brown_mushrooms/brown_mushroom_cluster", "weight": 3, "y": 180},
      {"model": "minecraft:block/brown_mushrooms/brown_mushroom_cluster2", "weight": 4, "y": 180},
      {"model": "minecraft:block/brown_mushrooms/brown_mushroom_cluster3", "weight": 3, "y": 180},
      {"model": "minecraft:block/brown_mushrooms/brown_mushroom_cluster4", "weight": 1, "y": 180},
      {"model": "minecraft:block/brown_mushrooms/brown_mushroom_cluster5", "weight": 2, "y": 180},
      {"model": "minecraft:block/brown_mushrooms/brown_mushroom_cluster", "weight": 3, "y": 270},
      {"model": "minecraft:block/brown_mushrooms/brown_mushroom_cluster2", "weight": 4, "y": 270},
      {"model": "minecraft:block/brown_mushrooms/brown_mushroom_cluster3", "weight": 3, "y": 270},
      {"model": "minecraft:block/brown_mushrooms/brown_mushroom_cluster4", "weight": 1, "y": 270},
      {"model": "minecraft:block/brown_mushrooms/brown_mushroom_cluster5", "weight": 2, "y": 270}
    ]
  }
}