{
  "variants": {
    "facing=east": [
      { "model": "minecraft:block/carved_pumpkin", "y": 90, "weight": 100},
      { "model": "minecraft:block/pumpkins/carved_pumpkin2", "y": 90, "weight": 100},
      { "model": "minecraft:block/pumpkins/carved_pumpkin3", "y": 90, "weight": 100},
      { "model": "minecraft:block/pumpkins/carved_pumpkin4", "y": 90, "weight": 100},
      { "model": "minecraft:block/pumpkins/carved_pumpkin5", "y": 90, "weight": 100},
      { "model": "minecraft:block/pumpkins/carved_pumpkin6", "y": 90, "weight": 100},
      { "model": "minecraft:block/pumpkins/carved_pumpkin7", "y": 90, "weight": 100},
      { "model": "minecraft:block/pumpkins/carved_pumpkin_amongus", "y": 90, "weight": 1},
      { "model": "minecraft:block/pumpkins/carved_pumpkin_annoyed", "y": 90, "weight": 70},
      { "model": "minecraft:block/pumpkins/carved_pumpkin_ase", "y": 90, "weight": 90},
      { "model": "minecraft:block/pumpkins/carved_pumpkin_blank", "y": 90, "weight": 80},
      { "model": "minecraft:block/pumpkins/carved_pumpkin_cat", "y": 90, "weight": 70},
      { "model": "minecraft:block/pumpkins/carved_pumpkin_creeper", "y": 90, "weight": 80},
      { "model": "minecraft:block/pumpkins/carved_pumpkin_creeper2", "y": 90, "weight": 50},
      { "model": "minecraft:block/pumpkins/carved_pumpkin_dead", "y": 90, "weight": 80},
      { "model": "minecraft:block/pumpkins/carved_pumpkin_despair", "y": 90, "weight": 90},
      { "model": "minecraft:block/pumpkins/carved_pumpkin_dog", "y": 90, "weight": 70},
      { "model": "minecraft:block/pumpkins/carved_pumpkin_dragon", "y": 90, "weight": 70},
      { "model": "minecraft:block/pumpkins/carved_pumpkin_electro", "y": 90, "weight": 90},
      { "model": "minecraft:block/pumpkins/carved_pumpkin_frowny", "y": 90, "weight": 50},
      { "model": "minecraft:block/pumpkins/carved_pumpkin_gecko", "y": 90, "weight": 80},
      { "model": "minecraft:block/pumpkins/carved_pumpkin_geodash", "y": 90, "weight": 50},
      { "model": "minecraft:block/pumpkins/carved_pumpkin_gourgeist", "y": 90, "weight": 100},
      { "model": "minecraft:block/pumpkins/carved_pumpkin_happy", "y": 90, "weight": 100},
      { "model": "minecraft:block/pumpkins/carved_pumpkin_happy2", "y": 90, "weight": 100},
      { "model": "minecraft:block/pumpkins/carved_pumpkin_happy3", "y": 90, "weight": 100},
      { "model": "minecraft:block/pumpkins/carved_pumpkin_happy4", "y": 90, "weight": 100},
      { "model": "minecraft:block/pumpkins/carved_pumpkin_happy5", "y": 90, "weight": 100},
      { "model": "minecraft:block/pumpkins/carved_pumpkin_jack", "y": 90, "weight": 70},
      { "model": "minecraft:block/pumpkins/carved_pumpkin_jeff", "y": 90, "weight": 50},
      { "model": "minecraft:block/pumpkins/carved_pumpkin_lenny", "y": 90, "weight": 10},
      { "model": "minecraft:block/pumpkins/carved_pumpkin_mad", "y": 90, "weight": 100},
      { "model": "minecraft:block/pumpkins/carved_pumpkin_monster", "y": 90, "weight": 100},
      { "model": "minecraft:block/pumpkins/carved_pumpkin_monster2", "y": 90, "weight": 100},
      { "model": "minecraft:block/pumpkins/carved_pumpkin_monster3", "y": 90, "weight": 100},
      { "model": "minecraft:block/pumpkins/carved_pumpkin_mumbo", "y": 90, "weight": 50},
      { "model": "minecraft:block/pumpkins/carved_pumpkin_nerve", "y": 90, "weight": 80},
      { "model": "minecraft:block/pumpkins/carved_pumpkin_owahhh", "y": 90, "weight": 20},
      { "model": "minecraft:block/pumpkins/carved_pumpkin_pog", "y": 90, "weight": 60},
      { "model": "minecraft:block/pumpkins/carved_pumpkin_puzzled", "y": 90, "weight": 90},
      { "model": "minecraft:block/pumpkins/carved_pumpkin_sad", "y": 90, "weight": 100},
      { "model": "minecraft:block/pumpkins/carved_pumpkin_sad2", "y": 90, "weight": 90},
      { "model": "minecraft:block/pumpkins/carved_pumpkin_sad3", "y": 90, "weight": 100},
      { "model": "minecraft:block/pumpkins/carved_pumpkin_sans", "y": 90, "weight": 10},
      { "model": "minecraft:block/pumpkins/carved_pumpkin_scary", "y": 90, "weight": 100},
      { "model": "minecraft:block/pumpkins/carved_pumpkin_scary2", "y": 90, "weight": 100},
      { "model": "minecraft:block/pumpkins/carved_pumpkin_scary3", "y": 90, "weight": 100},
      { "model": "minecraft:block/pumpkins/carved_pumpkin_scary4", "y": 90, "weight": 100},
      { "model": "minecraft:block/pumpkins/carved_pumpkin_scary5", "y": 90, "weight": 100},
      { "model": "minecraft:block/pumpkins/carved_pumpkin_scream", "y": 90, "weight": 40},
      { "model": "minecraft:block/pumpkins/carved_pumpkin_silly", "y": 90, "weight": 90},
      { "model": "minecraft:block/pumpkins/carved_pumpkin_silly2", "y": 90, "weight": 90},
      { "model": "minecraft:block/pumpkins/carved_pumpkin_skeleton", "y": 90, "weight": 100},
      { "model": "minecraft:block/pumpkins/carved_pumpkin_skeleton2", "y": 90, "weight": 100},
      { "model": "minecraft:block/pumpkins/carved_pumpkin_smiley", "y": 90, "weight": 50},
      { "model": "minecraft:block/pumpkins/carved_pumpkin_smol", "y": 90, "weight": 15},
      { "model": "minecraft:block/pumpkins/carved_pumpkin_smwblock", "y": 90, "weight": 40},
      { "model": "minecraft:block/pumpkins/carved_pumpkin_snake", "y": 90, "weight": 90},
      { "model": "minecraft:block/pumpkins/carved_pumpkin_spider", "y": 90, "weight": 70},
      { "model": "minecraft:block/pumpkins/carved_pumpkin_spooky", "y": 90, "weight": 100},
      { "model": "minecraft:block/pumpkins/carved_pumpkin_storm", "y": 90, "weight": 50},
      { "model": "minecraft:block/pumpkins/carved_pumpkin_sub", "y": 90, "weight": 100},
      { "model": "minecraft:block/pumpkins/carved_pumpkin_troll", "y": 90, "weight": 10},
      { "model": "minecraft:block/pumpkins/carved_pumpkin_uwu", "y": 90, "weight": 80},
      { "model": "minecraft:block/pumpkins/carved_pumpkin_vampire", "y": 90, "weight": 80},
      { "model": "minecraft:block/pumpkins/carved_pumpkin_warden", "y": 90, "weight": 50},
      { "model": "minecraft:block/pumpkins/carved_pumpkin_xd", "y": 90, "weight": 40},
      { "model": "minecraft:block/pumpkins/carved_pumpkin_zombie", "y": 90, "weight": 80},
      { "model": "minecraft:block/pumpkins/carved_pumpkin_zombie2", "y": 90, "weight": 50}
    ],
    "facing=north": [
      { "model": "minecraft:block/carved_pumpkin", "weight": 100},
      { "model": "minecraft:block/pumpkins/carved_pumpkin2", "weight": 100},
      { "model": "minecraft:block/pumpkins/carved_pumpkin3", "weight": 100},
      { "model": "minecraft:block/pumpkins/carved_pumpkin4", "weight": 100},
      { "model": "minecraft:block/pumpkins/carved_pumpkin5", "weight": 100},
      { "model": "minecraft:block/pumpkins/carved_pumpkin6", "weight": 100},
      { "model": "minecraft:block/pumpkins/carved_pumpkin7", "weight": 100},
      { "model": "minecraft:block/pumpkins/carved_pumpkin_amongus", "weight": 1},
      { "model": "minecraft:block/pumpkins/carved_pumpkin_annoyed", "weight": 70},
      { "model": "minecraft:block/pumpkins/carved_pumpkin_ase", "weight": 90},
      { "model": "minecraft:block/pumpkins/carved_pumpkin_blank", "weight": 80},
      { "model": "minecraft:block/pumpkins/carved_pumpkin_cat", "weight": 70},
      { "model": "minecraft:block/pumpkins/carved_pumpkin_creeper", "weight": 80},
      { "model": "minecraft:block/pumpkins/carved_pumpkin_creeper2", "weight": 50},
      { "model": "minecraft:block/pumpkins/carved_pumpkin_dead", "weight": 80},
      { "model": "minecraft:block/pumpkins/carved_pumpkin_despair", "weight": 90},
      { "model": "minecraft:block/pumpkins/carved_pumpkin_dog", "weight": 70},
      { "model": "minecraft:block/pumpkins/carved_pumpkin_dragon", "weight": 70},
      { "model": "minecraft:block/pumpkins/carved_pumpkin_electro", "weight": 90},
      { "model": "minecraft:block/pumpkins/carved_pumpkin_frowny", "weight": 50},
      { "model": "minecraft:block/pumpkins/carved_pumpkin_gecko", "weight": 80},
      { "model": "minecraft:block/pumpkins/carved_pumpkin_geodash", "weight": 50},
      { "model": "minecraft:block/pumpkins/carved_pumpkin_gourgeist", "weight": 100},
      { "model": "minecraft:block/pumpkins/carved_pumpkin_happy", "weight": 100},
      { "model": "minecraft:block/pumpkins/carved_pumpkin_happy2", "weight": 100},
      { "model": "minecraft:block/pumpkins/carved_pumpkin_happy3", "weight": 100},
      { "model": "minecraft:block/pumpkins/carved_pumpkin_happy4", "weight": 100},
      { "model": "minecraft:block/pumpkins/carved_pumpkin_happy5", "weight": 100},
      { "model": "minecraft:block/pumpkins/carved_pumpkin_jack", "weight": 70},
      { "model": "minecraft:block/pumpkins/carved_pumpkin_jeff", "weight": 50},
      { "model": "minecraft:block/pumpkins/carved_pumpkin_lenny", "weight": 10},
      { "model": "minecraft:block/pumpkins/carved_pumpkin_mad", "weight": 100},
      { "model": "minecraft:block/pumpkins/carved_pumpkin_monster", "weight": 100},
      { "model": "minecraft:block/pumpkins/carved_pumpkin_monster2", "weight": 100},
      { "model": "minecraft:block/pumpkins/carved_pumpkin_monster3", "weight": 100},
      { "model": "minecraft:block/pumpkins/carved_pumpkin_mumbo", "weight": 50},
      { "model": "minecraft:block/pumpkins/carved_pumpkin_nerve", "weight": 80},
      { "model": "minecraft:block/pumpkins/carved_pumpkin_owahhh", "weight": 20},
      { "model": "minecraft:block/pumpkins/carved_pumpkin_pog", "weight": 60},
      { "model": "minecraft:block/pumpkins/carved_pumpkin_puzzled", "weight": 90},
      { "model": "minecraft:block/pumpkins/carved_pumpkin_sad", "weight": 100},
      { "model": "minecraft:block/pumpkins/carved_pumpkin_sad2", "weight": 90},
      { "model": "minecraft:block/pumpkins/carved_pumpkin_sad3", "weight": 100},
      { "model": "minecraft:block/pumpkins/carved_pumpkin_sans", "weight": 10},
      { "model": "minecraft:block/pumpkins/carved_pumpkin_scary", "weight": 100},
      { "model": "minecraft:block/pumpkins/carved_pumpkin_scary2", "weight": 100},
      { "model": "minecraft:block/pumpkins/carved_pumpkin_scary3", "weight": 100},
      { "model": "minecraft:block/pumpkins/carved_pumpkin_scary4", "weight": 100},
      { "model": "minecraft:block/pumpkins/carved_pumpkin_scary5", "weight": 100},
      { "model": "minecraft:block/pumpkins/carved_pumpkin_scream", "weight": 40},
      { "model": "minecraft:block/pumpkins/carved_pumpkin_silly", "weight": 90},
      { "model": "minecraft:block/pumpkins/carved_pumpkin_silly2", "weight": 90},
      { "model": "minecraft:block/pumpkins/carved_pumpkin_skeleton", "weight": 100},
      { "model": "minecraft:block/pumpkins/carved_pumpkin_skeleton2", "weight": 100},
      { "model": "minecraft:block/pumpkins/carved_pumpkin_smiley", "weight": 50},
      { "model": "minecraft:block/pumpkins/carved_pumpkin_smol", "weight": 15},
      { "model": "minecraft:block/pumpkins/carved_pumpkin_smwblock", "weight": 40},
      { "model": "minecraft:block/pumpkins/carved_pumpkin_snake", "weight": 90},
      { "model": "minecraft:block/pumpkins/carved_pumpkin_spider", "weight": 70},
      { "model": "minecraft:block/pumpkins/carved_pumpkin_spooky", "weight": 100},
      { "model": "minecraft:block/pumpkins/carved_pumpkin_storm", "weight": 50},
      { "model": "minecraft:block/pumpkins/carved_pumpkin_sub", "weight": 100},
      { "model": "minecraft:block/pumpkins/carved_pumpkin_troll", "weight": 10},
      { "model": "minecraft:block/pumpkins/carved_pumpkin_uwu", "weight": 80},
      { "model": "minecraft:block/pumpkins/carved_pumpkin_vampire", "weight": 80},
      { "model": "minecraft:block/pumpkins/carved_pumpkin_warden", "weight": 50},
      { "model": "minecraft:block/pumpkins/carved_pumpkin_xd", "weight": 40},
      { "model": "minecraft:block/pumpkins/carved_pumpkin_zombie", "weight": 80},
      { "model": "minecraft:block/pumpkins/carved_pumpkin_zombie2", "weight": 50}
    ],
    "facing=south": [
      { "model": "minecraft:block/carved_pumpkin", "y": 180, "weight": 100},
      { "model": "minecraft:block/pumpkins/carved_pumpkin2", "y": 180, "weight": 100},
      { "model": "minecraft:block/pumpkins/carved_pumpkin3", "y": 180, "weight": 100},
      { "model": "minecraft:block/pumpkins/carved_pumpkin4", "y": 180, "weight": 100},
      { "model": "minecraft:block/pumpkins/carved_pumpkin5", "y": 180, "weight": 100},
      { "model": "minecraft:block/pumpkins/carved_pumpkin6", "y": 180, "weight": 100},
      { "model": "minecraft:block/pumpkins/carved_pumpkin7", "y": 180, "weight": 100},
      { "model": "minecraft:block/pumpkins/carved_pumpkin_amongus", "y": 180, "weight": 1},
      { "model": "minecraft:block/pumpkins/carved_pumpkin_annoyed", "y": 180, "weight": 70},
      { "model": "minecraft:block/pumpkins/carved_pumpkin_ase", "y": 180, "weight": 90},
      { "model": "minecraft:block/pumpkins/carved_pumpkin_blank", "y": 180, "weight": 80},
      { "model": "minecraft:block/pumpkins/carved_pumpkin_cat", "y": 180, "weight": 70},
      { "model": "minecraft:block/pumpkins/carved_pumpkin_creeper", "y": 180, "weight": 80},
      { "model": "minecraft:block/pumpkins/carved_pumpkin_creeper2", "y": 180, "weight": 50},
      { "model": "minecraft:block/pumpkins/carved_pumpkin_dead", "y": 180, "weight": 80},
      { "model": "minecraft:block/pumpkins/carved_pumpkin_despair", "y": 180, "weight": 90},
      { "model": "minecraft:block/pumpkins/carved_pumpkin_dog", "y": 180, "weight": 70},
      { "model": "minecraft:block/pumpkins/carved_pumpkin_dragon", "y": 180, "weight": 70},
      { "model": "minecraft:block/pumpkins/carved_pumpkin_electro", "y": 180, "weight": 90},
      { "model": "minecraft:block/pumpkins/carved_pumpkin_frowny", "y": 180, "weight": 50},
      { "model": "minecraft:block/pumpkins/carved_pumpkin_gecko", "y": 180, "weight": 80},
      { "model": "minecraft:block/pumpkins/carved_pumpkin_geodash", "y": 180, "weight": 50},
      { "model": "minecraft:block/pumpkins/carved_pumpkin_gourgeist", "y": 180, "weight": 100},
      { "model": "minecraft:block/pumpkins/carved_pumpkin_happy", "y": 180, "weight": 100},
      { "model": "minecraft:block/pumpkins/carved_pumpkin_happy2", "y": 180, "weight": 100},
      { "model": "minecraft:block/pumpkins/carved_pumpkin_happy3", "y": 180, "weight": 100},
      { "model": "minecraft:block/pumpkins/carved_pumpkin_happy4", "y": 180, "weight": 100},
      { "model": "minecraft:block/pumpkins/carved_pumpkin_happy5", "y": 180, "weight": 100},
      { "model": "minecraft:block/pumpkins/carved_pumpkin_jack", "y": 180, "weight": 70},
      { "model": "minecraft:block/pumpkins/carved_pumpkin_jeff", "y": 180, "weight": 50},
      { "model": "minecraft:block/pumpkins/carved_pumpkin_lenny", "y": 180, "weight": 10},
      { "model": "minecraft:block/pumpkins/carved_pumpkin_mad", "y": 180, "weight": 100},
      { "model": "minecraft:block/pumpkins/carved_pumpkin_monster", "y": 180, "weight": 100},
      { "model": "minecraft:block/pumpkins/carved_pumpkin_monster2", "y": 180, "weight": 100},
      { "model": "minecraft:block/pumpkins/carved_pumpkin_monster3", "y": 180, "weight": 100},
      { "model": "minecraft:block/pumpkins/carved_pumpkin_mumbo", "y": 180, "weight": 50},
      { "model": "minecraft:block/pumpkins/carved_pumpkin_nerve", "y": 180, "weight": 80},
      { "model": "minecraft:block/pumpkins/carved_pumpkin_owahhh", "y": 180, "weight": 20},
      { "model": "minecraft:block/pumpkins/carved_pumpkin_pog", "y": 180, "weight": 60},
      { "model": "minecraft:block/pumpkins/carved_pumpkin_puzzled", "y": 180, "weight": 90},
      { "model": "minecraft:block/pumpkins/carved_pumpkin_sad", "y": 180, "weight": 100},
      { "model": "minecraft:block/pumpkins/carved_pumpkin_sad2", "y": 180, "weight": 90},
      { "model": "minecraft:block/pumpkins/carved_pumpkin_sad3", "y": 180, "weight": 100},
      { "model": "minecraft:block/pumpkins/carved_pumpkin_sans", "y": 180, "weight": 10},
      { "model": "minecraft:block/pumpkins/carved_pumpkin_scary", "y": 180, "weight": 100},
      { "model": "minecraft:block/pumpkins/carved_pumpkin_scary2", "y": 180, "weight": 100},
      { "model": "minecraft:block/pumpkins/carved_pumpkin_scary3", "y": 180, "weight": 100},
      { "model": "minecraft:block/pumpkins/carved_pumpkin_scary4", "y": 180, "weight": 100},
      { "model": "minecraft:block/pumpkins/carved_pumpkin_scary5", "y": 180, "weight": 100},
      { "model": "minecraft:block/pumpkins/carved_pumpkin_scream", "y": 180, "weight": 40},
      { "model": "minecraft:block/pumpkins/carved_pumpkin_silly", "y": 180, "weight": 90},
      { "model": "minecraft:block/pumpkins/carved_pumpkin_silly2", "y": 180, "weight": 90},
      { "model": "minecraft:block/pumpkins/carved_pumpkin_skeleton", "y": 180, "weight": 100},
      { "model": "minecraft:block/pumpkins/carved_pumpkin_skeleton2", "y": 180, "weight": 100},
      { "model": "minecraft:block/pumpkins/carved_pumpkin_smiley", "y": 180, "weight": 50},
      { "model": "minecraft:block/pumpkins/carved_pumpkin_smol", "y": 180, "weight": 15},
      { "model": "minecraft:block/pumpkins/carved_pumpkin_smwblock", "y": 180, "weight": 40},
      { "model": "minecraft:block/pumpkins/carved_pumpkin_snake", "y": 180, "weight": 90},
      { "model": "minecraft:block/pumpkins/carved_pumpkin_spider", "y": 180, "weight": 70},
      { "model": "minecraft:block/pumpkins/carved_pumpkin_spooky", "y": 180, "weight": 100},
      { "model": "minecraft:block/pumpkins/carved_pumpkin_storm", "y": 180, "weight": 50},
      { "model": "minecraft:block/pumpkins/carved_pumpkin_sub", "y": 180, "weight": 100},
      { "model": "minecraft:block/pumpkins/carved_pumpkin_troll", "y": 180, "weight": 10},
      { "model": "minecraft:block/pumpkins/carved_pumpkin_uwu", "y": 180, "weight": 80},
      { "model": "minecraft:block/pumpkins/carved_pumpkin_vampire", "y": 180, "weight": 80},
      { "model": "minecraft:block/pumpkins/carved_pumpkin_warden", "y": 180, "weight": 50},
      { "model": "minecraft:block/pumpkins/carved_pumpkin_xd", "y": 180, "weight": 40},
      { "model": "minecraft:block/pumpkins/carved_pumpkin_zombie", "y": 180, "weight": 80},
      { "model": "minecraft:block/pumpkins/carved_pumpkin_zombie2", "y": 180, "weight": 50}
    ],
    "facing=west": [
      { "model": "minecraft:block/carved_pumpkin", "y": 270, "weight": 100},
      { "model": "minecraft:block/pumpkins/carved_pumpkin2", "y": 270, "weight": 100},
      { "model": "minecraft:block/pumpkins/carved_pumpkin3", "y": 270, "weight": 100},
      { "model": "minecraft:block/pumpkins/carved_pumpkin4", "y": 270, "weight": 100},
      { "model": "minecraft:block/pumpkins/carved_pumpkin5", "y": 270, "weight": 100},
      { "model": "minecraft:block/pumpkins/carved_pumpkin6", "y": 270, "weight": 100},
      { "model": "minecraft:block/pumpkins/carved_pumpkin7", "y": 270, "weight": 100},
      { "model": "minecraft:block/pumpkins/carved_pumpkin_amongus", "y": 270, "weight": 1},
      { "model": "minecraft:block/pumpkins/carved_pumpkin_annoyed", "y": 270, "weight": 70},
      { "model": "minecraft:block/pumpkins/carved_pumpkin_ase", "y": 270, "weight": 90},
      { "model": "minecraft:block/pumpkins/carved_pumpkin_blank", "y": 270, "weight": 80},
      { "model": "minecraft:block/pumpkins/carved_pumpkin_cat", "y": 270, "weight": 70},
      { "model": "minecraft:block/pumpkins/carved_pumpkin_creeper", "y": 270, "weight": 80},
      { "model": "minecraft:block/pumpkins/carved_pumpkin_creeper2", "y": 270, "weight": 50},
      { "model": "minecraft:block/pumpkins/carved_pumpkin_dead", "y": 270, "weight": 80},
      { "model": "minecraft:block/pumpkins/carved_pumpkin_despair", "y": 270, "weight": 90},
      { "model": "minecraft:block/pumpkins/carved_pumpkin_dog", "y": 270, "weight": 70},
      { "model": "minecraft:block/pumpkins/carved_pumpkin_dragon", "y": 270, "weight": 70},
      { "model": "minecraft:block/pumpkins/carved_pumpkin_electro", "y": 270, "weight": 90},
      { "model": "minecraft:block/pumpkins/carved_pumpkin_frowny", "y": 270, "weight": 50},
      { "model": "minecraft:block/pumpkins/carved_pumpkin_gecko", "y": 270, "weight": 80},
      { "model": "minecraft:block/pumpkins/carved_pumpkin_geodash", "y": 270, "weight": 50},
      { "model": "minecraft:block/pumpkins/carved_pumpkin_gourgeist", "y": 270, "weight": 100},
      { "model": "minecraft:block/pumpkins/carved_pumpkin_happy", "y": 270, "weight": 100},
      { "model": "minecraft:block/pumpkins/carved_pumpkin_happy2", "y": 270, "weight": 100},
      { "model": "minecraft:block/pumpkins/carved_pumpkin_happy3", "y": 270, "weight": 100},
      { "model": "minecraft:block/pumpkins/carved_pumpkin_happy4", "y": 270, "weight": 100},
      { "model": "minecraft:block/pumpkins/carved_pumpkin_happy5", "y": 270, "weight": 100},
      { "model": "minecraft:block/pumpkins/carved_pumpkin_jack", "y": 270, "weight": 70},
      { "model": "minecraft:block/pumpkins/carved_pumpkin_jeff", "y": 270, "weight": 50},
      { "model": "minecraft:block/pumpkins/carved_pumpkin_lenny", "y": 270, "weight": 10},
      { "model": "minecraft:block/pumpkins/carved_pumpkin_mad", "y": 270, "weight": 100},
      { "model": "minecraft:block/pumpkins/carved_pumpkin_monster", "y": 270, "weight": 100},
      { "model": "minecraft:block/pumpkins/carved_pumpkin_monster2", "y": 270, "weight": 100},
      { "model": "minecraft:block/pumpkins/carved_pumpkin_monster3", "y": 270, "weight": 100},
      { "model": "minecraft:block/pumpkins/carved_pumpkin_mumbo", "y": 270, "weight": 50},
      { "model": "minecraft:block/pumpkins/carved_pumpkin_nerve", "y": 270, "weight": 80},
      { "model": "minecraft:block/pumpkins/carved_pumpkin_owahhh", "y": 270, "weight": 20},
      { "model": "minecraft:block/pumpkins/carved_pumpkin_pog", "y": 270, "weight": 60},
      { "model": "minecraft:block/pumpkins/carved_pumpkin_puzzled", "y": 270, "weight": 90},
      { "model": "minecraft:block/pumpkins/carved_pumpkin_sad", "y": 270, "weight": 100},
      { "model": "minecraft:block/pumpkins/carved_pumpkin_sad2", "y": 270, "weight": 90},
      { "model": "minecraft:block/pumpkins/carved_pumpkin_sad3", "y": 270, "weight": 100},
      { "model": "minecraft:block/pumpkins/carved_pumpkin_sans", "y": 270, "weight": 10},
      { "model": "minecraft:block/pumpkins/carved_pumpkin_scary", "y": 270, "weight": 100},
      { "model": "minecraft:block/pumpkins/carved_pumpkin_scary2", "y": 270, "weight": 100},
      { "model": "minecraft:block/pumpkins/carved_pumpkin_scary3", "y": 270, "weight": 100},
      { "model": "minecraft:block/pumpkins/carved_pumpkin_scary4", "y": 270, "weight": 100},
      { "model": "minecraft:block/pumpkins/carved_pumpkin_scary5", "y": 270, "weight": 100},
      { "model": "minecraft:block/pumpkins/carved_pumpkin_scream", "y": 270, "weight": 40},
      { "model": "minecraft:block/pumpkins/carved_pumpkin_silly", "y": 270, "weight": 90},
      { "model": "minecraft:block/pumpkins/carved_pumpkin_silly2", "y": 270, "weight": 90},
      { "model": "minecraft:block/pumpkins/carved_pumpkin_skeleton", "y": 270, "weight": 100},
      { "model": "minecraft:block/pumpkins/carved_pumpkin_skeleton2", "y": 270, "weight": 100},
      { "model": "minecraft:block/pumpkins/carved_pumpkin_smiley", "y": 270, "weight": 50},
      { "model": "minecraft:block/pumpkins/carved_pumpkin_smol", "y": 270, "weight": 15},
      { "model": "minecraft:block/pumpkins/carved_pumpkin_smwblock", "y": 270, "weight": 40},
      { "model": "minecraft:block/pumpkins/carved_pumpkin_snake", "y": 270, "weight": 90},
      { "model": "minecraft:block/pumpkins/carved_pumpkin_spider", "y": 270, "weight": 70},
      { "model": "minecraft:block/pumpkins/carved_pumpkin_spooky", "y": 270, "weight": 100},
      { "model": "minecraft:block/pumpkins/carved_pumpkin_storm", "y": 270, "weight": 50},
      { "model": "minecraft:block/pumpkins/carved_pumpkin_sub", "y": 270, "weight": 100},
      { "model": "minecraft:block/pumpkins/carved_pumpkin_troll", "y": 270, "weight": 10},
      { "model": "minecraft:block/pumpkins/carved_pumpkin_uwu", "y": 270, "weight": 80},
      { "model": "minecraft:block/pumpkins/carved_pumpkin_vampire", "y": 270, "weight": 80},
      { "model": "minecraft:block/pumpkins/carved_pumpkin_warden", "y": 270, "weight": 50},
      { "model": "minecraft:block/pumpkins/carved_pumpkin_xd", "y": 270, "weight": 40},
      { "model": "minecraft:block/pumpkins/carved_pumpkin_zombie", "y": 270, "weight": 80},
      { "model": "minecraft:block/pumpkins/carved_pumpkin_zombie2", "y": 270, "weight": 50}
    ]
  }
}