{
  "multipart": [
    {
      "apply": {
        "model": "minecraft:block/chiseled_bookshelf",
        "uvlock": true,
        "y": 0
      },
      "when": {
        "facing": "north"
      }
    },
    {
      "apply": [
        {"model": "minecraft:block/chiseled_bookshelf_occupied_slot_top_mid", "y": 0},
        {"model": "minecraft:block/chiseled_bookshelves/chiseled_bookshelf_occupied_slot_top_mid2", "y": 0},
        {"model": "minecraft:block/chiseled_bookshelves/chiseled_bookshelf_occupied_slot_top_mid3", "y": 0},
        {"model": "minecraft:block/chiseled_bookshelves/chiseled_bookshelf_occupied_slot_top_mid4", "y": 0},
        {"model": "minecraft:block/chiseled_bookshelves/chiseled_bookshelf_occupied_slot_top_mid5", "y": 0},
        {"model": "minecraft:block/chiseled_bookshelves/chiseled_bookshelf_occupied_slot_top_mid6", "y": 0},
        {"model": "minecraft:block/chiseled_bookshelves/chiseled_bookshelf_occupied_slot_top_mid7", "y": 0},
        {"model": "minecraft:block/chiseled_bookshelves/chiseled_bookshelf_occupied_slot_top_mid8", "y": 0},
        {"model": "minecraft:block/chiseled_bookshelves/chiseled_bookshelf_occupied_slot_top_mid9", "y": 0},
        {"model": "minecraft:block/chiseled_bookshelves/chiseled_bookshelf_occupied_slot_top_mid10", "y": 0},
        {"model": "minecraft:block/chiseled_bookshelves/chiseled_bookshelf_occupied_slot_top_mid11", "y": 0},
        {"model": "minecraft:block/chiseled_bookshelves/chiseled_bookshelf_occupied_slot_top_mid12", "y": 0},
        {"model": "minecraft:block/chiseled_bookshelves/chiseled_bookshelf_occupied_slot_top_mid13", "y": 0},
        {"model": "minecraft:block/chiseled_bookshelves/chiseled_bookshelf_occupied_slot_top_mid14", "y": 0},
        {"model": "minecraft:block/chiseled_bookshelves/chiseled_bookshelf_occupied_slot_top_mid15", "y": 0},
        {"model": "minecraft:block/chiseled_bookshelves/chiseled_bookshelf_occupied_slot_top_mid16", "y": 0},
        {"model": "minecraft:block/chiseled_bookshelves/chiseled_bookshelf_occupied_slot_top_mid17", "y": 0}
        ],
      "when": {
        "AND": [
          {
            "facing": "north"
          },
          {
            "slot_1_occupied": "true"
          }
        ]
      }
    },
    {
      "apply": {
        "model": "minecraft:block/chiseled_bookshelf_empty_slot_top_mid",
        "y": 0
      },
      "when": {
        "AND": [
          {
            "facing": "north"
          },
          {
            "slot_1_occupied": "false"
          }
        ]
      }
    },
    {
      "apply": [
        {"model": "minecraft:block/chiseled_bookshelf_occupied_slot_bottom_left", "y": 0},
        {"model": "minecraft:block/chiseled_bookshelves/chiseled_bookshelf_occupied_slot_bottom_left2", "y": 0},
        {"model": "minecraft:block/chiseled_bookshelves/chiseled_bookshelf_occupied_slot_bottom_left3", "y": 0},
        {"model": "minecraft:block/chiseled_bookshelves/chiseled_bookshelf_occupied_slot_bottom_left4", "y": 0},
        {"model": "minecraft:block/chiseled_bookshelves/chiseled_bookshelf_occupied_slot_bottom_left5", "y": 0},
        {"model": "minecraft:block/chiseled_bookshelves/chiseled_bookshelf_occupied_slot_bottom_left6", "y": 0},
        {"model": "minecraft:block/chiseled_bookshelves/chiseled_bookshelf_occupied_slot_bottom_left7", "y": 0},
        {"model": "minecraft:block/chiseled_bookshelves/chiseled_bookshelf_occupied_slot_bottom_left8", "y": 0},
        {"model": "minecraft:block/chiseled_bookshelves/chiseled_bookshelf_occupied_slot_bottom_left9", "y": 0},
        {"model": "minecraft:block/chiseled_bookshelves/chiseled_bookshelf_occupied_slot_bottom_left10", "y": 0},
        {"model": "minecraft:block/chiseled_bookshelves/chiseled_bookshelf_occupied_slot_bottom_left11", "y": 0},
        {"model": "minecraft:block/chiseled_bookshelves/chiseled_bookshelf_occupied_slot_bottom_left12", "y": 0},
        {"model": "minecraft:block/chiseled_bookshelves/chiseled_bookshelf_occupied_slot_bottom_left13", "y": 0},
        {"model": "minecraft:block/chiseled_bookshelves/chiseled_bookshelf_occupied_slot_bottom_left14", "y": 0},
        {"model": "minecraft:block/chiseled_bookshelves/chiseled_bookshelf_occupied_slot_bottom_left15", "y": 0},
        {"model": "minecraft:block/chiseled_bookshelves/chiseled_bookshelf_occupied_slot_bottom_left16", "y": 0},
        {"model": "minecraft:block/chiseled_bookshelves/chiseled_bookshelf_occupied_slot_bottom_left17", "y": 0}
        ],
      "when": {
        "AND": [
          {
            "facing": "north"
          },
          {
            "slot_3_occupied": "true"
          }
        ]
      }
    },
    {
      "apply": {
        "model": "minecraft:block/chiseled_bookshelf_empty_slot_bottom_left",
        "y": 0
      },
      "when": {
        "AND": [
          {
            "facing": "north"
          },
          {
            "slot_3_occupied": "false"
          }
        ]
      }
    },
    {
      "apply": [
        {"model": "minecraft:block/chiseled_bookshelf_occupied_slot_bottom_right", "y": 0},
        {"model": "minecraft:block/chiseled_bookshelves/chiseled_bookshelf_occupied_slot_bottom_right2", "y": 0},
        {"model": "minecraft:block/chiseled_bookshelves/chiseled_bookshelf_occupied_slot_bottom_right3", "y": 0},
        {"model": "minecraft:block/chiseled_bookshelves/chiseled_bookshelf_occupied_slot_bottom_right4", "y": 0},
        {"model": "minecraft:block/chiseled_bookshelves/chiseled_bookshelf_occupied_slot_bottom_right5", "y": 0},
        {"model": "minecraft:block/chiseled_bookshelves/chiseled_bookshelf_occupied_slot_bottom_right6", "y": 0},
        {"model": "minecraft:block/chiseled_bookshelves/chiseled_bookshelf_occupied_slot_bottom_right7", "y": 0},
        {"model": "minecraft:block/chiseled_bookshelves/chiseled_bookshelf_occupied_slot_bottom_right8", "y": 0},
        {"model": "minecraft:block/chiseled_bookshelves/chiseled_bookshelf_occupied_slot_bottom_right9", "y": 0},
        {"model": "minecraft:block/chiseled_bookshelves/chiseled_bookshelf_occupied_slot_bottom_right10", "y": 0},
        {"model": "minecraft:block/chiseled_bookshelves/chiseled_bookshelf_occupied_slot_bottom_right11", "y": 0},
        {"model": "minecraft:block/chiseled_bookshelves/chiseled_bookshelf_occupied_slot_bottom_right12", "y": 0},
        {"model": "minecraft:block/chiseled_bookshelves/chiseled_bookshelf_occupied_slot_bottom_right13", "y": 0},
        {"model": "minecraft:block/chiseled_bookshelves/chiseled_bookshelf_occupied_slot_bottom_right14", "y": 0},
        {"model": "minecraft:block/chiseled_bookshelves/chiseled_bookshelf_occupied_slot_bottom_right15", "y": 0},
        {"model": "minecraft:block/chiseled_bookshelves/chiseled_bookshelf_occupied_slot_bottom_right16", "y": 0},
        {"model": "minecraft:block/chiseled_bookshelves/chiseled_bookshelf_occupied_slot_bottom_right17", "y": 0}
        ],
      "when": {
        "AND": [
          {
            "facing": "north"
          },
          {
            "slot_5_occupied": "true"
          }
        ]
      }
    },
    {
      "apply": {
        "model": "minecraft:block/chiseled_bookshelf_empty_slot_bottom_right",
        "y": 0
      },
      "when": {
        "AND": [
          {
            "facing": "north"
          },
          {
            "slot_5_occupied": "false"
          }
        ]
      }
    },
    {
      "apply": [
        {"model": "minecraft:block/chiseled_bookshelf_occupied_slot_top_left", "y": 0},
        {"model": "minecraft:block/chiseled_bookshelves/chiseled_bookshelf_occupied_slot_top_left2", "y": 0},
        {"model": "minecraft:block/chiseled_bookshelves/chiseled_bookshelf_occupied_slot_top_left3", "y": 0},
        {"model": "minecraft:block/chiseled_bookshelves/chiseled_bookshelf_occupied_slot_top_left4", "y": 0},
        {"model": "minecraft:block/chiseled_bookshelves/chiseled_bookshelf_occupied_slot_top_left5", "y": 0},
        {"model": "minecraft:block/chiseled_bookshelves/chiseled_bookshelf_occupied_slot_top_left6", "y": 0},
        {"model": "minecraft:block/chiseled_bookshelves/chiseled_bookshelf_occupied_slot_top_left7", "y": 0},
        {"model": "minecraft:block/chiseled_bookshelves/chiseled_bookshelf_occupied_slot_top_left8", "y": 0},
        {"model": "minecraft:block/chiseled_bookshelves/chiseled_bookshelf_occupied_slot_top_left9", "y": 0},
        {"model": "minecraft:block/chiseled_bookshelves/chiseled_bookshelf_occupied_slot_top_left10", "y": 0},
        {"model": "minecraft:block/chiseled_bookshelves/chiseled_bookshelf_occupied_slot_top_left11", "y": 0},
        {"model": "minecraft:block/chiseled_bookshelves/chiseled_bookshelf_occupied_slot_top_left12", "y": 0},
        {"model": "minecraft:block/chiseled_bookshelves/chiseled_bookshelf_occupied_slot_top_left13", "y": 0},
        {"model": "minecraft:block/chiseled_bookshelves/chiseled_bookshelf_occupied_slot_top_left14", "y": 0},
        {"model": "minecraft:block/chiseled_bookshelves/chiseled_bookshelf_occupied_slot_top_left15", "y": 0},
        {"model": "minecraft:block/chiseled_bookshelves/chiseled_bookshelf_occupied_slot_top_left16", "y": 0},
        {"model": "minecraft:block/chiseled_bookshelves/chiseled_bookshelf_occupied_slot_top_left17", "y": 0}
        ],
      "when": {
        "AND": [
          {
            "facing": "north"
          },
          {
            "slot_0_occupied": "true"
          }
        ]
      }
    },
    {
      "apply": {
        "model": "minecraft:block/chiseled_bookshelf_empty_slot_top_left",
        "y": 0
      },
      "when": {
        "AND": [
          {
            "facing": "north"
          },
          {
            "slot_0_occupied": "false"
          }
        ]
      }
    },
    {
      "apply": [
        {"model": "minecraft:block/chiseled_bookshelf_occupied_slot_bottom_mid", "y": 0},
        {"model": "minecraft:block/chiseled_bookshelves/chiseled_bookshelf_occupied_slot_bottom_mid2", "y": 0},
        {"model": "minecraft:block/chiseled_bookshelves/chiseled_bookshelf_occupied_slot_bottom_mid3", "y": 0},
        {"model": "minecraft:block/chiseled_bookshelves/chiseled_bookshelf_occupied_slot_bottom_mid4", "y": 0},
        {"model": "minecraft:block/chiseled_bookshelves/chiseled_bookshelf_occupied_slot_bottom_mid5", "y": 0},
        {"model": "minecraft:block/chiseled_bookshelves/chiseled_bookshelf_occupied_slot_bottom_mid6", "y": 0},
        {"model": "minecraft:block/chiseled_bookshelves/chiseled_bookshelf_occupied_slot_bottom_mid7", "y": 0},
        {"model": "minecraft:block/chiseled_bookshelves/chiseled_bookshelf_occupied_slot_bottom_mid8", "y": 0},
        {"model": "minecraft:block/chiseled_bookshelves/chiseled_bookshelf_occupied_slot_bottom_mid9", "y": 0},
        {"model": "minecraft:block/chiseled_bookshelves/chiseled_bookshelf_occupied_slot_bottom_mid10", "y": 0},
        {"model": "minecraft:block/chiseled_bookshelves/chiseled_bookshelf_occupied_slot_bottom_mid11", "y": 0},
        {"model": "minecraft:block/chiseled_bookshelves/chiseled_bookshelf_occupied_slot_bottom_mid12", "y": 0},
        {"model": "minecraft:block/chiseled_bookshelves/chiseled_bookshelf_occupied_slot_bottom_mid13", "y": 0},
        {"model": "minecraft:block/chiseled_bookshelves/chiseled_bookshelf_occupied_slot_bottom_mid14", "y": 0},
        {"model": "minecraft:block/chiseled_bookshelves/chiseled_bookshelf_occupied_slot_bottom_mid15", "y": 0},
        {"model": "minecraft:block/chiseled_bookshelves/chiseled_bookshelf_occupied_slot_bottom_mid16", "y": 0},
        {"model": "minecraft:block/chiseled_bookshelves/chiseled_bookshelf_occupied_slot_bottom_mid17", "y": 0}
        ],
      "when": {
        "AND": [
          {
            "facing": "north"
          },
          {
            "slot_4_occupied": "true"
          }
        ]
      }
    },
    {
      "apply": {
        "model": "minecraft:block/chiseled_bookshelf_empty_slot_bottom_mid",
        "y": 0
      },
      "when": {
        "AND": [
          {
            "facing": "north"
          },
          {
            "slot_4_occupied": "false"
          }
        ]
      }
    },
    {
      "apply": [
        {"model": "minecraft:block/chiseled_bookshelf_occupied_slot_top_right", "y": 0},
        {"model": "minecraft:block/chiseled_bookshelves/chiseled_bookshelf_occupied_slot_top_right2", "y": 0},
        {"model": "minecraft:block/chiseled_bookshelves/chiseled_bookshelf_occupied_slot_top_right3", "y": 0},
        {"model": "minecraft:block/chiseled_bookshelves/chiseled_bookshelf_occupied_slot_top_right4", "y": 0},
        {"model": "minecraft:block/chiseled_bookshelves/chiseled_bookshelf_occupied_slot_top_right5", "y": 0},
        {"model": "minecraft:block/chiseled_bookshelves/chiseled_bookshelf_occupied_slot_top_right6", "y": 0},
        {"model": "minecraft:block/chiseled_bookshelves/chiseled_bookshelf_occupied_slot_top_right7", "y": 0},
        {"model": "minecraft:block/chiseled_bookshelves/chiseled_bookshelf_occupied_slot_top_right8", "y": 0},
        {"model": "minecraft:block/chiseled_bookshelves/chiseled_bookshelf_occupied_slot_top_right9", "y": 0},
        {"model": "minecraft:block/chiseled_bookshelves/chiseled_bookshelf_occupied_slot_top_right10", "y": 0},
        {"model": "minecraft:block/chiseled_bookshelves/chiseled_bookshelf_occupied_slot_top_right11", "y": 0},
        {"model": "minecraft:block/chiseled_bookshelves/chiseled_bookshelf_occupied_slot_top_right12", "y": 0},
        {"model": "minecraft:block/chiseled_bookshelves/chiseled_bookshelf_occupied_slot_top_right13", "y": 0},
        {"model": "minecraft:block/chiseled_bookshelves/chiseled_bookshelf_occupied_slot_top_right14", "y": 0},
        {"model": "minecraft:block/chiseled_bookshelves/chiseled_bookshelf_occupied_slot_top_right15", "y": 0},
        {"model": "minecraft:block/chiseled_bookshelves/chiseled_bookshelf_occupied_slot_top_right16", "y": 0},
        {"model": "minecraft:block/chiseled_bookshelves/chiseled_bookshelf_occupied_slot_top_right17", "y": 0}
        ],
      "when": {
        "AND": [
          {
            "facing": "north"
          },
          {
            "slot_2_occupied": "true"
          }
        ]
      }
    },
    {
      "apply": {
        "model": "minecraft:block/chiseled_bookshelf_empty_slot_top_right",
        "y": 0
      },
      "when": {
        "AND": [
          {
            "facing": "north"
          },
          {
            "slot_2_occupied": "false"
          }
        ]
      }
    },
    {
      "apply": {
        "model": "minecraft:block/chiseled_bookshelf",
        "uvlock": true,
        "y": 270
      },
      "when": {
        "facing": "west"
      }
    },
    {
      "apply": [
        {"model": "minecraft:block/chiseled_bookshelf_occupied_slot_top_mid", "y": 270},
        {"model": "minecraft:block/chiseled_bookshelves/chiseled_bookshelf_occupied_slot_top_mid2", "y": 270},
        {"model": "minecraft:block/chiseled_bookshelves/chiseled_bookshelf_occupied_slot_top_mid3", "y": 270},
        {"model": "minecraft:block/chiseled_bookshelves/chiseled_bookshelf_occupied_slot_top_mid4", "y": 270},
        {"model": "minecraft:block/chiseled_bookshelves/chiseled_bookshelf_occupied_slot_top_mid5", "y": 270},
        {"model": "minecraft:block/chiseled_bookshelves/chiseled_bookshelf_occupied_slot_top_mid6", "y": 270},
        {"model": "minecraft:block/chiseled_bookshelves/chiseled_bookshelf_occupied_slot_top_mid7", "y": 270},
        {"model": "minecraft:block/chiseled_bookshelves/chiseled_bookshelf_occupied_slot_top_mid8", "y": 270},
        {"model": "minecraft:block/chiseled_bookshelves/chiseled_bookshelf_occupied_slot_top_mid9", "y": 270},
        {"model": "minecraft:block/chiseled_bookshelves/chiseled_bookshelf_occupied_slot_top_mid10", "y": 270},
        {"model": "minecraft:block/chiseled_bookshelves/chiseled_bookshelf_occupied_slot_top_mid11", "y": 270},
        {"model": "minecraft:block/chiseled_bookshelves/chiseled_bookshelf_occupied_slot_top_mid12", "y": 270},
        {"model": "minecraft:block/chiseled_bookshelves/chiseled_bookshelf_occupied_slot_top_mid13", "y": 270},
        {"model": "minecraft:block/chiseled_bookshelves/chiseled_bookshelf_occupied_slot_top_mid14", "y": 270},
        {"model": "minecraft:block/chiseled_bookshelves/chiseled_bookshelf_occupied_slot_top_mid15", "y": 270},
        {"model": "minecraft:block/chiseled_bookshelves/chiseled_bookshelf_occupied_slot_top_mid16", "y": 270},
        {"model": "minecraft:block/chiseled_bookshelves/chiseled_bookshelf_occupied_slot_top_mid17", "y": 270}
        ],
      "when": {
        "AND": [
          {
            "facing": "west"
          },
          {
            "slot_1_occupied": "true"
          }
        ]
      }
    },
    {
      "apply": {
        "model": "minecraft:block/chiseled_bookshelf_empty_slot_top_mid",
        "y": 270
      },
      "when": {
        "AND": [
          {
            "facing": "west"
          },
          {
            "slot_1_occupied": "false"
          }
        ]
      }
    },
    {
      "apply": [
        {"model": "minecraft:block/chiseled_bookshelf_occupied_slot_bottom_left", "y": 270},
        {"model": "minecraft:block/chiseled_bookshelves/chiseled_bookshelf_occupied_slot_bottom_left2", "y": 270},
        {"model": "minecraft:block/chiseled_bookshelves/chiseled_bookshelf_occupied_slot_bottom_left3", "y": 270},
        {"model": "minecraft:block/chiseled_bookshelves/chiseled_bookshelf_occupied_slot_bottom_left4", "y": 270},
        {"model": "minecraft:block/chiseled_bookshelves/chiseled_bookshelf_occupied_slot_bottom_left5", "y": 270},
        {"model": "minecraft:block/chiseled_bookshelves/chiseled_bookshelf_occupied_slot_bottom_left6", "y": 270},
        {"model": "minecraft:block/chiseled_bookshelves/chiseled_bookshelf_occupied_slot_bottom_left7", "y": 270},
        {"model": "minecraft:block/chiseled_bookshelves/chiseled_bookshelf_occupied_slot_bottom_left8", "y": 270},
        {"model": "minecraft:block/chiseled_bookshelves/chiseled_bookshelf_occupied_slot_bottom_left9", "y": 270},
        {"model": "minecraft:block/chiseled_bookshelves/chiseled_bookshelf_occupied_slot_bottom_left10", "y": 270},
        {"model": "minecraft:block/chiseled_bookshelves/chiseled_bookshelf_occupied_slot_bottom_left11", "y": 270},
        {"model": "minecraft:block/chiseled_bookshelves/chiseled_bookshelf_occupied_slot_bottom_left12", "y": 270},
        {"model": "minecraft:block/chiseled_bookshelves/chiseled_bookshelf_occupied_slot_bottom_left13", "y": 270},
        {"model": "minecraft:block/chiseled_bookshelves/chiseled_bookshelf_occupied_slot_bottom_left14", "y": 270},
        {"model": "minecraft:block/chiseled_bookshelves/chiseled_bookshelf_occupied_slot_bottom_left15", "y": 270},
        {"model": "minecraft:block/chiseled_bookshelves/chiseled_bookshelf_occupied_slot_bottom_left16", "y": 270},
        {"model": "minecraft:block/chiseled_bookshelves/chiseled_bookshelf_occupied_slot_bottom_left17", "y": 270}
        ],
      "when": {
        "AND": [
          {
            "facing": "west"
          },
          {
            "slot_3_occupied": "true"
          }
        ]
      }
    },
    {
      "apply": {
        "model": "minecraft:block/chiseled_bookshelf_empty_slot_bottom_left",
        "y": 270
      },
      "when": {
        "AND": [
          {
            "facing": "west"
          },
          {
            "slot_3_occupied": "false"
          }
        ]
      }
    },
    {
      "apply": [
        {"model": "minecraft:block/chiseled_bookshelf_occupied_slot_bottom_right", "y": 270},
        {"model": "minecraft:block/chiseled_bookshelves/chiseled_bookshelf_occupied_slot_bottom_right2", "y": 270},
        {"model": "minecraft:block/chiseled_bookshelves/chiseled_bookshelf_occupied_slot_bottom_right3", "y": 270},
        {"model": "minecraft:block/chiseled_bookshelves/chiseled_bookshelf_occupied_slot_bottom_right4", "y": 270},
        {"model": "minecraft:block/chiseled_bookshelves/chiseled_bookshelf_occupied_slot_bottom_right5", "y": 270},
        {"model": "minecraft:block/chiseled_bookshelves/chiseled_bookshelf_occupied_slot_bottom_right6", "y": 270},
        {"model": "minecraft:block/chiseled_bookshelves/chiseled_bookshelf_occupied_slot_bottom_right7", "y": 270},
        {"model": "minecraft:block/chiseled_bookshelves/chiseled_bookshelf_occupied_slot_bottom_right8", "y": 270},
        {"model": "minecraft:block/chiseled_bookshelves/chiseled_bookshelf_occupied_slot_bottom_right9", "y": 270},
        {"model": "minecraft:block/chiseled_bookshelves/chiseled_bookshelf_occupied_slot_bottom_right10", "y": 270},
        {"model": "minecraft:block/chiseled_bookshelves/chiseled_bookshelf_occupied_slot_bottom_right11", "y": 270},
        {"model": "minecraft:block/chiseled_bookshelves/chiseled_bookshelf_occupied_slot_bottom_right12", "y": 270},
        {"model": "minecraft:block/chiseled_bookshelves/chiseled_bookshelf_occupied_slot_bottom_right13", "y": 270},
        {"model": "minecraft:block/chiseled_bookshelves/chiseled_bookshelf_occupied_slot_bottom_right14", "y": 270},
        {"model": "minecraft:block/chiseled_bookshelves/chiseled_bookshelf_occupied_slot_bottom_right15", "y": 270},
        {"model": "minecraft:block/chiseled_bookshelves/chiseled_bookshelf_occupied_slot_bottom_right16", "y": 270},
        {"model": "minecraft:block/chiseled_bookshelves/chiseled_bookshelf_occupied_slot_bottom_right17", "y": 270}
        ],
      "when": {
        "AND": [
          {
            "facing": "west"
          },
          {
            "slot_5_occupied": "true"
          }
        ]
      }
    },
    {
      "apply": {
        "model": "minecraft:block/chiseled_bookshelf_empty_slot_bottom_right",
        "y": 270
      },
      "when": {
        "AND": [
          {
            "facing": "west"
          },
          {
            "slot_5_occupied": "false"
          }
        ]
      }
    },
    {
      "apply": [
        {"model": "minecraft:block/chiseled_bookshelf_occupied_slot_top_left", "y": 270},
        {"model": "minecraft:block/chiseled_bookshelves/chiseled_bookshelf_occupied_slot_top_left2", "y": 270},
        {"model": "minecraft:block/chiseled_bookshelves/chiseled_bookshelf_occupied_slot_top_left3", "y": 270},
        {"model": "minecraft:block/chiseled_bookshelves/chiseled_bookshelf_occupied_slot_top_left4", "y": 270},
        {"model": "minecraft:block/chiseled_bookshelves/chiseled_bookshelf_occupied_slot_top_left5", "y": 270},
        {"model": "minecraft:block/chiseled_bookshelves/chiseled_bookshelf_occupied_slot_top_left6", "y": 270},
        {"model": "minecraft:block/chiseled_bookshelves/chiseled_bookshelf_occupied_slot_top_left7", "y": 270},
        {"model": "minecraft:block/chiseled_bookshelves/chiseled_bookshelf_occupied_slot_top_left8", "y": 270},
        {"model": "minecraft:block/chiseled_bookshelves/chiseled_bookshelf_occupied_slot_top_left9", "y": 270},
        {"model": "minecraft:block/chiseled_bookshelves/chiseled_bookshelf_occupied_slot_top_left10", "y": 270},
        {"model": "minecraft:block/chiseled_bookshelves/chiseled_bookshelf_occupied_slot_top_left11", "y": 270},
        {"model": "minecraft:block/chiseled_bookshelves/chiseled_bookshelf_occupied_slot_top_left12", "y": 270},
        {"model": "minecraft:block/chiseled_bookshelves/chiseled_bookshelf_occupied_slot_top_left13", "y": 270},
        {"model": "minecraft:block/chiseled_bookshelves/chiseled_bookshelf_occupied_slot_top_left14", "y": 270},
        {"model": "minecraft:block/chiseled_bookshelves/chiseled_bookshelf_occupied_slot_top_left15", "y": 270},
        {"model": "minecraft:block/chiseled_bookshelves/chiseled_bookshelf_occupied_slot_top_left16", "y": 270},
        {"model": "minecraft:block/chiseled_bookshelves/chiseled_bookshelf_occupied_slot_top_left17", "y": 270}
        ],
      "when": {
        "AND": [
          {
            "facing": "west"
          },
          {
            "slot_0_occupied": "true"
          }
        ]
      }
    },
    {
      "apply": {
        "model": "minecraft:block/chiseled_bookshelf_empty_slot_top_left",
        "y": 270
      },
      "when": {
        "AND": [
          {
            "facing": "west"
          },
          {
            "slot_0_occupied": "false"
          }
        ]
      }
    },
    {
      "apply": [
        {"model": "minecraft:block/chiseled_bookshelf_occupied_slot_bottom_mid", "y": 270},
        {"model": "minecraft:block/chiseled_bookshelves/chiseled_bookshelf_occupied_slot_bottom_mid2", "y": 270},
        {"model": "minecraft:block/chiseled_bookshelves/chiseled_bookshelf_occupied_slot_bottom_mid3", "y": 270},
        {"model": "minecraft:block/chiseled_bookshelves/chiseled_bookshelf_occupied_slot_bottom_mid4", "y": 270},
        {"model": "minecraft:block/chiseled_bookshelves/chiseled_bookshelf_occupied_slot_bottom_mid5", "y": 270},
        {"model": "minecraft:block/chiseled_bookshelves/chiseled_bookshelf_occupied_slot_bottom_mid6", "y": 270},
        {"model": "minecraft:block/chiseled_bookshelves/chiseled_bookshelf_occupied_slot_bottom_mid7", "y": 270},
        {"model": "minecraft:block/chiseled_bookshelves/chiseled_bookshelf_occupied_slot_bottom_mid8", "y": 270},
        {"model": "minecraft:block/chiseled_bookshelves/chiseled_bookshelf_occupied_slot_bottom_mid9", "y": 270},
        {"model": "minecraft:block/chiseled_bookshelves/chiseled_bookshelf_occupied_slot_bottom_mid10", "y": 270},
        {"model": "minecraft:block/chiseled_bookshelves/chiseled_bookshelf_occupied_slot_bottom_mid11", "y": 270},
        {"model": "minecraft:block/chiseled_bookshelves/chiseled_bookshelf_occupied_slot_bottom_mid12", "y": 270},
        {"model": "minecraft:block/chiseled_bookshelves/chiseled_bookshelf_occupied_slot_bottom_mid13", "y": 270},
        {"model": "minecraft:block/chiseled_bookshelves/chiseled_bookshelf_occupied_slot_bottom_mid14", "y": 270},
        {"model": "minecraft:block/chiseled_bookshelves/chiseled_bookshelf_occupied_slot_bottom_mid15", "y": 270},
        {"model": "minecraft:block/chiseled_bookshelves/chiseled_bookshelf_occupied_slot_bottom_mid16", "y": 270},
        {"model": "minecraft:block/chiseled_bookshelves/chiseled_bookshelf_occupied_slot_bottom_mid17", "y": 270}
        ],
      "when": {
        "AND": [
          {
            "facing": "west"
          },
          {
            "slot_4_occupied": "true"
          }
        ]
      }
    },
    {
      "apply": {
        "model": "minecraft:block/chiseled_bookshelf_empty_slot_bottom_mid",
        "y": 270
      },
      "when": {
        "AND": [
          {
            "facing": "west"
          },
          {
            "slot_4_occupied": "false"
          }
        ]
      }
    },
    {
      "apply": [
        {"model": "minecraft:block/chiseled_bookshelf_occupied_slot_top_right", "y": 270},
        {"model": "minecraft:block/chiseled_bookshelves/chiseled_bookshelf_occupied_slot_top_right2", "y": 270},
        {"model": "minecraft:block/chiseled_bookshelves/chiseled_bookshelf_occupied_slot_top_right3", "y": 270},
        {"model": "minecraft:block/chiseled_bookshelves/chiseled_bookshelf_occupied_slot_top_right4", "y": 270},
        {"model": "minecraft:block/chiseled_bookshelves/chiseled_bookshelf_occupied_slot_top_right5", "y": 270},
        {"model": "minecraft:block/chiseled_bookshelves/chiseled_bookshelf_occupied_slot_top_right6", "y": 270},
        {"model": "minecraft:block/chiseled_bookshelves/chiseled_bookshelf_occupied_slot_top_right7", "y": 270},
        {"model": "minecraft:block/chiseled_bookshelves/chiseled_bookshelf_occupied_slot_top_right8", "y": 270},
        {"model": "minecraft:block/chiseled_bookshelves/chiseled_bookshelf_occupied_slot_top_right9", "y": 270},
        {"model": "minecraft:block/chiseled_bookshelves/chiseled_bookshelf_occupied_slot_top_right10", "y": 270},
        {"model": "minecraft:block/chiseled_bookshelves/chiseled_bookshelf_occupied_slot_top_right11", "y": 270},
        {"model": "minecraft:block/chiseled_bookshelves/chiseled_bookshelf_occupied_slot_top_right12", "y": 270},
        {"model": "minecraft:block/chiseled_bookshelves/chiseled_bookshelf_occupied_slot_top_right13", "y": 270},
        {"model": "minecraft:block/chiseled_bookshelves/chiseled_bookshelf_occupied_slot_top_right14", "y": 270},
        {"model": "minecraft:block/chiseled_bookshelves/chiseled_bookshelf_occupied_slot_top_right15", "y": 270},
        {"model": "minecraft:block/chiseled_bookshelves/chiseled_bookshelf_occupied_slot_top_right16", "y": 270},
        {"model": "minecraft:block/chiseled_bookshelves/chiseled_bookshelf_occupied_slot_top_right17", "y": 270}
        ],
      "when": {
        "AND": [
          {
            "facing": "west"
          },
          {
            "slot_2_occupied": "true"
          }
        ]
      }
    },
    {
      "apply": {
        "model": "minecraft:block/chiseled_bookshelf_empty_slot_top_right",
        "y": 270
      },
      "when": {
        "AND": [
          {
            "facing": "west"
          },
          {
            "slot_2_occupied": "false"
          }
        ]
      }
    },
    {
      "apply": {
        "model": "minecraft:block/chiseled_bookshelf",
        "uvlock": true,
        "y": 180
      },
      "when": {
        "facing": "south"
      }
    },
    {
      "apply": [
        {"model": "minecraft:block/chiseled_bookshelf_occupied_slot_top_mid", "y": 180},
        {"model": "minecraft:block/chiseled_bookshelves/chiseled_bookshelf_occupied_slot_top_mid2", "y": 180},
        {"model": "minecraft:block/chiseled_bookshelves/chiseled_bookshelf_occupied_slot_top_mid3", "y": 180},
        {"model": "minecraft:block/chiseled_bookshelves/chiseled_bookshelf_occupied_slot_top_mid4", "y": 180},
        {"model": "minecraft:block/chiseled_bookshelves/chiseled_bookshelf_occupied_slot_top_mid5", "y": 180},
        {"model": "minecraft:block/chiseled_bookshelves/chiseled_bookshelf_occupied_slot_top_mid6", "y": 180},
        {"model": "minecraft:block/chiseled_bookshelves/chiseled_bookshelf_occupied_slot_top_mid7", "y": 180},
        {"model": "minecraft:block/chiseled_bookshelves/chiseled_bookshelf_occupied_slot_top_mid8", "y": 180},
        {"model": "minecraft:block/chiseled_bookshelves/chiseled_bookshelf_occupied_slot_top_mid9", "y": 180},
        {"model": "minecraft:block/chiseled_bookshelves/chiseled_bookshelf_occupied_slot_top_mid10", "y": 180},
        {"model": "minecraft:block/chiseled_bookshelves/chiseled_bookshelf_occupied_slot_top_mid11", "y": 180},
        {"model": "minecraft:block/chiseled_bookshelves/chiseled_bookshelf_occupied_slot_top_mid12", "y": 180},
        {"model": "minecraft:block/chiseled_bookshelves/chiseled_bookshelf_occupied_slot_top_mid13", "y": 180},
        {"model": "minecraft:block/chiseled_bookshelves/chiseled_bookshelf_occupied_slot_top_mid14", "y": 180},
        {"model": "minecraft:block/chiseled_bookshelves/chiseled_bookshelf_occupied_slot_top_mid15", "y": 180},
        {"model": "minecraft:block/chiseled_bookshelves/chiseled_bookshelf_occupied_slot_top_mid16", "y": 180},
        {"model": "minecraft:block/chiseled_bookshelves/chiseled_bookshelf_occupied_slot_top_mid17", "y": 180}
        ],
      "when": {
        "AND": [
          {
            "facing": "south"
          },
          {
            "slot_1_occupied": "true"
          }
        ]
      }
    },
    {
      "apply": {
        "model": "minecraft:block/chiseled_bookshelf_empty_slot_top_mid",
        "y": 180
      },
      "when": {
        "AND": [
          {
            "facing": "south"
          },
          {
            "slot_1_occupied": "false"
          }
        ]
      }
    },
    {
      "apply": [
        {"model": "minecraft:block/chiseled_bookshelf_occupied_slot_bottom_left", "y": 180},
        {"model": "minecraft:block/chiseled_bookshelves/chiseled_bookshelf_occupied_slot_bottom_left2", "y": 180},
        {"model": "minecraft:block/chiseled_bookshelves/chiseled_bookshelf_occupied_slot_bottom_left3", "y": 180},
        {"model": "minecraft:block/chiseled_bookshelves/chiseled_bookshelf_occupied_slot_bottom_left4", "y": 180},
        {"model": "minecraft:block/chiseled_bookshelves/chiseled_bookshelf_occupied_slot_bottom_left5", "y": 180},
        {"model": "minecraft:block/chiseled_bookshelves/chiseled_bookshelf_occupied_slot_bottom_left6", "y": 180},
        {"model": "minecraft:block/chiseled_bookshelves/chiseled_bookshelf_occupied_slot_bottom_left7", "y": 180},
        {"model": "minecraft:block/chiseled_bookshelves/chiseled_bookshelf_occupied_slot_bottom_left8", "y": 180},
        {"model": "minecraft:block/chiseled_bookshelves/chiseled_bookshelf_occupied_slot_bottom_left9", "y": 180},
        {"model": "minecraft:block/chiseled_bookshelves/chiseled_bookshelf_occupied_slot_bottom_left10", "y": 180},
        {"model": "minecraft:block/chiseled_bookshelves/chiseled_bookshelf_occupied_slot_bottom_left11", "y": 180},
        {"model": "minecraft:block/chiseled_bookshelves/chiseled_bookshelf_occupied_slot_bottom_left12", "y": 180},
        {"model": "minecraft:block/chiseled_bookshelves/chiseled_bookshelf_occupied_slot_bottom_left13", "y": 180},
        {"model": "minecraft:block/chiseled_bookshelves/chiseled_bookshelf_occupied_slot_bottom_left14", "y": 180},
        {"model": "minecraft:block/chiseled_bookshelves/chiseled_bookshelf_occupied_slot_bottom_left15", "y": 180},
        {"model": "minecraft:block/chiseled_bookshelves/chiseled_bookshelf_occupied_slot_bottom_left16", "y": 180},
        {"model": "minecraft:block/chiseled_bookshelves/chiseled_bookshelf_occupied_slot_bottom_left17", "y": 180}
        ],
      "when": {
        "AND": [
          {
            "facing": "south"
          },
          {
            "slot_3_occupied": "true"
          }
        ]
      }
    },
    {
      "apply": {
        "model": "minecraft:block/chiseled_bookshelf_empty_slot_bottom_left",
        "y": 180
      },
      "when": {
        "AND": [
          {
            "facing": "south"
          },
          {
            "slot_3_occupied": "false"
          }
        ]
      }
    },
    {
      "apply": [
        {"model": "minecraft:block/chiseled_bookshelf_occupied_slot_bottom_right", "y": 180},
        {"model": "minecraft:block/chiseled_bookshelves/chiseled_bookshelf_occupied_slot_bottom_right2", "y": 180},
        {"model": "minecraft:block/chiseled_bookshelves/chiseled_bookshelf_occupied_slot_bottom_right3", "y": 180},
        {"model": "minecraft:block/chiseled_bookshelves/chiseled_bookshelf_occupied_slot_bottom_right4", "y": 180},
        {"model": "minecraft:block/chiseled_bookshelves/chiseled_bookshelf_occupied_slot_bottom_right5", "y": 180},
        {"model": "minecraft:block/chiseled_bookshelves/chiseled_bookshelf_occupied_slot_bottom_right6", "y": 180},
        {"model": "minecraft:block/chiseled_bookshelves/chiseled_bookshelf_occupied_slot_bottom_right7", "y": 180},
        {"model": "minecraft:block/chiseled_bookshelves/chiseled_bookshelf_occupied_slot_bottom_right8", "y": 180},
        {"model": "minecraft:block/chiseled_bookshelves/chiseled_bookshelf_occupied_slot_bottom_right9", "y": 180},
        {"model": "minecraft:block/chiseled_bookshelves/chiseled_bookshelf_occupied_slot_bottom_right10", "y": 180},
        {"model": "minecraft:block/chiseled_bookshelves/chiseled_bookshelf_occupied_slot_bottom_right11", "y": 180},
        {"model": "minecraft:block/chiseled_bookshelves/chiseled_bookshelf_occupied_slot_bottom_right12", "y": 180},
        {"model": "minecraft:block/chiseled_bookshelves/chiseled_bookshelf_occupied_slot_bottom_right13", "y": 180},
        {"model": "minecraft:block/chiseled_bookshelves/chiseled_bookshelf_occupied_slot_bottom_right14", "y": 180},
        {"model": "minecraft:block/chiseled_bookshelves/chiseled_bookshelf_occupied_slot_bottom_right15", "y": 180},
        {"model": "minecraft:block/chiseled_bookshelves/chiseled_bookshelf_occupied_slot_bottom_right16", "y": 180},
        {"model": "minecraft:block/chiseled_bookshelves/chiseled_bookshelf_occupied_slot_bottom_right17", "y": 180}
        ],
      "when": {
        "AND": [
          {
            "facing": "south"
          },
          {
            "slot_5_occupied": "true"
          }
        ]
      }
    },
    {
      "apply": {
        "model": "minecraft:block/chiseled_bookshelf_empty_slot_bottom_right",
        "y": 180
      },
      "when": {
        "AND": [
          {
            "facing": "south"
          },
          {
            "slot_5_occupied": "false"
          }
        ]
      }
    },
    {
      "apply": [
        {"model": "minecraft:block/chiseled_bookshelf_occupied_slot_top_left", "y": 180},
        {"model": "minecraft:block/chiseled_bookshelves/chiseled_bookshelf_occupied_slot_top_left2", "y": 180},
        {"model": "minecraft:block/chiseled_bookshelves/chiseled_bookshelf_occupied_slot_top_left3", "y": 180},
        {"model": "minecraft:block/chiseled_bookshelves/chiseled_bookshelf_occupied_slot_top_left4", "y": 180},
        {"model": "minecraft:block/chiseled_bookshelves/chiseled_bookshelf_occupied_slot_top_left5", "y": 180},
        {"model": "minecraft:block/chiseled_bookshelves/chiseled_bookshelf_occupied_slot_top_left6", "y": 180},
        {"model": "minecraft:block/chiseled_bookshelves/chiseled_bookshelf_occupied_slot_top_left7", "y": 180},
        {"model": "minecraft:block/chiseled_bookshelves/chiseled_bookshelf_occupied_slot_top_left8", "y": 180},
        {"model": "minecraft:block/chiseled_bookshelves/chiseled_bookshelf_occupied_slot_top_left9", "y": 180},
        {"model": "minecraft:block/chiseled_bookshelves/chiseled_bookshelf_occupied_slot_top_left10", "y": 180},
        {"model": "minecraft:block/chiseled_bookshelves/chiseled_bookshelf_occupied_slot_top_left11", "y": 180},
        {"model": "minecraft:block/chiseled_bookshelves/chiseled_bookshelf_occupied_slot_top_left12", "y": 180},
        {"model": "minecraft:block/chiseled_bookshelves/chiseled_bookshelf_occupied_slot_top_left13", "y": 180},
        {"model": "minecraft:block/chiseled_bookshelves/chiseled_bookshelf_occupied_slot_top_left14", "y": 180},
        {"model": "minecraft:block/chiseled_bookshelves/chiseled_bookshelf_occupied_slot_top_left15", "y": 180},
        {"model": "minecraft:block/chiseled_bookshelves/chiseled_bookshelf_occupied_slot_top_left16", "y": 180},
        {"model": "minecraft:block/chiseled_bookshelves/chiseled_bookshelf_occupied_slot_top_left17", "y": 180}
        ],
      "when": {
        "AND": [
          {
            "facing": "south"
          },
          {
            "slot_0_occupied": "true"
          }
        ]
      }
    },
    {
      "apply": {
        "model": "minecraft:block/chiseled_bookshelf_empty_slot_top_left",
        "y": 180
      },
      "when": {
        "AND": [
          {
            "facing": "south"
          },
          {
            "slot_0_occupied": "false"
          }
        ]
      }
    },
    {
      "apply": [
        {"model": "minecraft:block/chiseled_bookshelf_occupied_slot_bottom_mid", "y": 180},
        {"model": "minecraft:block/chiseled_bookshelves/chiseled_bookshelf_occupied_slot_bottom_mid2", "y": 180},
        {"model": "minecraft:block/chiseled_bookshelves/chiseled_bookshelf_occupied_slot_bottom_mid3", "y": 180},
        {"model": "minecraft:block/chiseled_bookshelves/chiseled_bookshelf_occupied_slot_bottom_mid4", "y": 180},
        {"model": "minecraft:block/chiseled_bookshelves/chiseled_bookshelf_occupied_slot_bottom_mid5", "y": 180},
        {"model": "minecraft:block/chiseled_bookshelves/chiseled_bookshelf_occupied_slot_bottom_mid6", "y": 180},
        {"model": "minecraft:block/chiseled_bookshelves/chiseled_bookshelf_occupied_slot_bottom_mid7", "y": 180},
        {"model": "minecraft:block/chiseled_bookshelves/chiseled_bookshelf_occupied_slot_bottom_mid8", "y": 180},
        {"model": "minecraft:block/chiseled_bookshelves/chiseled_bookshelf_occupied_slot_bottom_mid9", "y": 180},
        {"model": "minecraft:block/chiseled_bookshelves/chiseled_bookshelf_occupied_slot_bottom_mid10", "y": 180},
        {"model": "minecraft:block/chiseled_bookshelves/chiseled_bookshelf_occupied_slot_bottom_mid11", "y": 180},
        {"model": "minecraft:block/chiseled_bookshelves/chiseled_bookshelf_occupied_slot_bottom_mid12", "y": 180},
        {"model": "minecraft:block/chiseled_bookshelves/chiseled_bookshelf_occupied_slot_bottom_mid13", "y": 180},
        {"model": "minecraft:block/chiseled_bookshelves/chiseled_bookshelf_occupied_slot_bottom_mid14", "y": 180},
        {"model": "minecraft:block/chiseled_bookshelves/chiseled_bookshelf_occupied_slot_bottom_mid15", "y": 180},
        {"model": "minecraft:block/chiseled_bookshelves/chiseled_bookshelf_occupied_slot_bottom_mid16", "y": 180},
        {"model": "minecraft:block/chiseled_bookshelves/chiseled_bookshelf_occupied_slot_bottom_mid17", "y": 180}
        ],
      "when": {
        "AND": [
          {
            "facing": "south"
          },
          {
            "slot_4_occupied": "true"
          }
        ]
      }
    },
    {
      "apply": {
        "model": "minecraft:block/chiseled_bookshelf_empty_slot_bottom_mid",
        "y": 180
      },
      "when": {
        "AND": [
          {
            "facing": "south"
          },
          {
            "slot_4_occupied": "false"
          }
        ]
      }
    },
    {
      "apply": [
        {"model": "minecraft:block/chiseled_bookshelf_occupied_slot_top_right", "y": 180},
        {"model": "minecraft:block/chiseled_bookshelves/chiseled_bookshelf_occupied_slot_top_right2", "y": 180},
        {"model": "minecraft:block/chiseled_bookshelves/chiseled_bookshelf_occupied_slot_top_right3", "y": 180},
        {"model": "minecraft:block/chiseled_bookshelves/chiseled_bookshelf_occupied_slot_top_right4", "y": 180},
        {"model": "minecraft:block/chiseled_bookshelves/chiseled_bookshelf_occupied_slot_top_right5", "y": 180},
        {"model": "minecraft:block/chiseled_bookshelves/chiseled_bookshelf_occupied_slot_top_right6", "y": 180},
        {"model": "minecraft:block/chiseled_bookshelves/chiseled_bookshelf_occupied_slot_top_right7", "y": 180},
        {"model": "minecraft:block/chiseled_bookshelves/chiseled_bookshelf_occupied_slot_top_right8", "y": 180},
        {"model": "minecraft:block/chiseled_bookshelves/chiseled_bookshelf_occupied_slot_top_right9", "y": 180},
        {"model": "minecraft:block/chiseled_bookshelves/chiseled_bookshelf_occupied_slot_top_right10", "y": 180},
        {"model": "minecraft:block/chiseled_bookshelves/chiseled_bookshelf_occupied_slot_top_right11", "y": 180},
        {"model": "minecraft:block/chiseled_bookshelves/chiseled_bookshelf_occupied_slot_top_right12", "y": 180},
        {"model": "minecraft:block/chiseled_bookshelves/chiseled_bookshelf_occupied_slot_top_right13", "y": 180},
        {"model": "minecraft:block/chiseled_bookshelves/chiseled_bookshelf_occupied_slot_top_right14", "y": 180},
        {"model": "minecraft:block/chiseled_bookshelves/chiseled_bookshelf_occupied_slot_top_right15", "y": 180},
        {"model": "minecraft:block/chiseled_bookshelves/chiseled_bookshelf_occupied_slot_top_right16", "y": 180},
        {"model": "minecraft:block/chiseled_bookshelves/chiseled_bookshelf_occupied_slot_top_right17", "y": 180}
        ],
      "when": {
        "AND": [
          {
            "facing": "south"
          },
          {
            "slot_2_occupied": "true"
          }
        ]
      }
    },
    {
      "apply": {
        "model": "minecraft:block/chiseled_bookshelf_empty_slot_top_right",
        "y": 180
      },
      "when": {
        "AND": [
          {
            "facing": "south"
          },
          {
            "slot_2_occupied": "false"
          }
        ]
      }
    },
    {
      "apply": {
        "model": "minecraft:block/chiseled_bookshelf",
        "uvlock": true,
        "y": 90
      },
      "when": {
        "facing": "east"
      }
    },
    {
      "apply": [
        {"model": "minecraft:block/chiseled_bookshelf_occupied_slot_top_mid", "y": 90},
        {"model": "minecraft:block/chiseled_bookshelves/chiseled_bookshelf_occupied_slot_top_mid2", "y": 90},
        {"model": "minecraft:block/chiseled_bookshelves/chiseled_bookshelf_occupied_slot_top_mid3", "y": 90},
        {"model": "minecraft:block/chiseled_bookshelves/chiseled_bookshelf_occupied_slot_top_mid4", "y": 90},
        {"model": "minecraft:block/chiseled_bookshelves/chiseled_bookshelf_occupied_slot_top_mid5", "y": 90},
        {"model": "minecraft:block/chiseled_bookshelves/chiseled_bookshelf_occupied_slot_top_mid6", "y": 90},
        {"model": "minecraft:block/chiseled_bookshelves/chiseled_bookshelf_occupied_slot_top_mid7", "y": 90},
        {"model": "minecraft:block/chiseled_bookshelves/chiseled_bookshelf_occupied_slot_top_mid8", "y": 90},
        {"model": "minecraft:block/chiseled_bookshelves/chiseled_bookshelf_occupied_slot_top_mid9", "y": 90},
        {"model": "minecraft:block/chiseled_bookshelves/chiseled_bookshelf_occupied_slot_top_mid10", "y": 90},
        {"model": "minecraft:block/chiseled_bookshelves/chiseled_bookshelf_occupied_slot_top_mid11", "y": 90},
        {"model": "minecraft:block/chiseled_bookshelves/chiseled_bookshelf_occupied_slot_top_mid12", "y": 90},
        {"model": "minecraft:block/chiseled_bookshelves/chiseled_bookshelf_occupied_slot_top_mid13", "y": 90},
        {"model": "minecraft:block/chiseled_bookshelves/chiseled_bookshelf_occupied_slot_top_mid14", "y": 90},
        {"model": "minecraft:block/chiseled_bookshelves/chiseled_bookshelf_occupied_slot_top_mid15", "y": 90},
        {"model": "minecraft:block/chiseled_bookshelves/chiseled_bookshelf_occupied_slot_top_mid16", "y": 90},
        {"model": "minecraft:block/chiseled_bookshelves/chiseled_bookshelf_occupied_slot_top_mid17", "y": 90}
        ],
      "when": {
        "AND": [
          {
            "facing": "east"
          },
          {
            "slot_1_occupied": "true"
          }
        ]
      }
    },
    {
      "apply": {
        "model": "minecraft:block/chiseled_bookshelf_empty_slot_top_mid",
        "y": 90
      },
      "when": {
        "AND": [
          {
            "facing": "east"
          },
          {
            "slot_1_occupied": "false"
          }
        ]
      }
    },
    {
      "apply": [
        {"model": "minecraft:block/chiseled_bookshelf_occupied_slot_bottom_left", "y": 90},
        {"model": "minecraft:block/chiseled_bookshelves/chiseled_bookshelf_occupied_slot_bottom_left2", "y": 90},
        {"model": "minecraft:block/chiseled_bookshelves/chiseled_bookshelf_occupied_slot_bottom_left3", "y": 90},
        {"model": "minecraft:block/chiseled_bookshelves/chiseled_bookshelf_occupied_slot_bottom_left4", "y": 90},
        {"model": "minecraft:block/chiseled_bookshelves/chiseled_bookshelf_occupied_slot_bottom_left5", "y": 90},
        {"model": "minecraft:block/chiseled_bookshelves/chiseled_bookshelf_occupied_slot_bottom_left6", "y": 90},
        {"model": "minecraft:block/chiseled_bookshelves/chiseled_bookshelf_occupied_slot_bottom_left7", "y": 90},
        {"model": "minecraft:block/chiseled_bookshelves/chiseled_bookshelf_occupied_slot_bottom_left8", "y": 90},
        {"model": "minecraft:block/chiseled_bookshelves/chiseled_bookshelf_occupied_slot_bottom_left9", "y": 90},
        {"model": "minecraft:block/chiseled_bookshelves/chiseled_bookshelf_occupied_slot_bottom_left10", "y": 90},
        {"model": "minecraft:block/chiseled_bookshelves/chiseled_bookshelf_occupied_slot_bottom_left11", "y": 90},
        {"model": "minecraft:block/chiseled_bookshelves/chiseled_bookshelf_occupied_slot_bottom_left12", "y": 90},
        {"model": "minecraft:block/chiseled_bookshelves/chiseled_bookshelf_occupied_slot_bottom_left13", "y": 90},
        {"model": "minecraft:block/chiseled_bookshelves/chiseled_bookshelf_occupied_slot_bottom_left14", "y": 90},
        {"model": "minecraft:block/chiseled_bookshelves/chiseled_bookshelf_occupied_slot_bottom_left15", "y": 90},
        {"model": "minecraft:block/chiseled_bookshelves/chiseled_bookshelf_occupied_slot_bottom_left16", "y": 90},
        {"model": "minecraft:block/chiseled_bookshelves/chiseled_bookshelf_occupied_slot_bottom_left17", "y": 90}
        ],
      "when": {
        "AND": [
          {
            "facing": "east"
          },
          {
            "slot_3_occupied": "true"
          }
        ]
      }
    },
    {
      "apply": {
        "model": "minecraft:block/chiseled_bookshelf_empty_slot_bottom_left",
        "y": 90
      },
      "when": {
        "AND": [
          {
            "facing": "east"
          },
          {
            "slot_3_occupied": "false"
          }
        ]
      }
    },
    {
      "apply": [
        {"model": "minecraft:block/chiseled_bookshelf_occupied_slot_bottom_right", "y": 90},
        {"model": "minecraft:block/chiseled_bookshelves/chiseled_bookshelf_occupied_slot_bottom_right2", "y": 90},
        {"model": "minecraft:block/chiseled_bookshelves/chiseled_bookshelf_occupied_slot_bottom_right3", "y": 90},
        {"model": "minecraft:block/chiseled_bookshelves/chiseled_bookshelf_occupied_slot_bottom_right4", "y": 90},
        {"model": "minecraft:block/chiseled_bookshelves/chiseled_bookshelf_occupied_slot_bottom_right5", "y": 90},
        {"model": "minecraft:block/chiseled_bookshelves/chiseled_bookshelf_occupied_slot_bottom_right6", "y": 90},
        {"model": "minecraft:block/chiseled_bookshelves/chiseled_bookshelf_occupied_slot_bottom_right7", "y": 90},
        {"model": "minecraft:block/chiseled_bookshelves/chiseled_bookshelf_occupied_slot_bottom_right8", "y": 90},
        {"model": "minecraft:block/chiseled_bookshelves/chiseled_bookshelf_occupied_slot_bottom_right9", "y": 90},
        {"model": "minecraft:block/chiseled_bookshelves/chiseled_bookshelf_occupied_slot_bottom_right10", "y": 90},
        {"model": "minecraft:block/chiseled_bookshelves/chiseled_bookshelf_occupied_slot_bottom_right11", "y": 90},
        {"model": "minecraft:block/chiseled_bookshelves/chiseled_bookshelf_occupied_slot_bottom_right12", "y": 90},
        {"model": "minecraft:block/chiseled_bookshelves/chiseled_bookshelf_occupied_slot_bottom_right13", "y": 90},
        {"model": "minecraft:block/chiseled_bookshelves/chiseled_bookshelf_occupied_slot_bottom_right14", "y": 90},
        {"model": "minecraft:block/chiseled_bookshelves/chiseled_bookshelf_occupied_slot_bottom_right15", "y": 90},
        {"model": "minecraft:block/chiseled_bookshelves/chiseled_bookshelf_occupied_slot_bottom_right16", "y": 90},
        {"model": "minecraft:block/chiseled_bookshelves/chiseled_bookshelf_occupied_slot_bottom_right17", "y": 90}
        ],
      "when": {
        "AND": [
          {
            "facing": "east"
          },
          {
            "slot_5_occupied": "true"
          }
        ]
      }
    },
    {
      "apply": {
        "model": "minecraft:block/chiseled_bookshelf_empty_slot_bottom_right",
        "y": 90
      },
      "when": {
        "AND": [
          {
            "facing": "east"
          },
          {
            "slot_5_occupied": "false"
          }
        ]
      }
    },
    {
      "apply": [
        {"model": "minecraft:block/chiseled_bookshelf_occupied_slot_top_left", "y": 90},
        {"model": "minecraft:block/chiseled_bookshelves/chiseled_bookshelf_occupied_slot_top_left2", "y": 90},
        {"model": "minecraft:block/chiseled_bookshelves/chiseled_bookshelf_occupied_slot_top_left3", "y": 90},
        {"model": "minecraft:block/chiseled_bookshelves/chiseled_bookshelf_occupied_slot_top_left4", "y": 90},
        {"model": "minecraft:block/chiseled_bookshelves/chiseled_bookshelf_occupied_slot_top_left5", "y": 90},
        {"model": "minecraft:block/chiseled_bookshelves/chiseled_bookshelf_occupied_slot_top_left6", "y": 90},
        {"model": "minecraft:block/chiseled_bookshelves/chiseled_bookshelf_occupied_slot_top_left7", "y": 90},
        {"model": "minecraft:block/chiseled_bookshelves/chiseled_bookshelf_occupied_slot_top_left8", "y": 90},
        {"model": "minecraft:block/chiseled_bookshelves/chiseled_bookshelf_occupied_slot_top_left9", "y": 90},
        {"model": "minecraft:block/chiseled_bookshelves/chiseled_bookshelf_occupied_slot_top_left10", "y": 90},
        {"model": "minecraft:block/chiseled_bookshelves/chiseled_bookshelf_occupied_slot_top_left11", "y": 90},
        {"model": "minecraft:block/chiseled_bookshelves/chiseled_bookshelf_occupied_slot_top_left12", "y": 90},
        {"model": "minecraft:block/chiseled_bookshelves/chiseled_bookshelf_occupied_slot_top_left13", "y": 90},
        {"model": "minecraft:block/chiseled_bookshelves/chiseled_bookshelf_occupied_slot_top_left14", "y": 90},
        {"model": "minecraft:block/chiseled_bookshelves/chiseled_bookshelf_occupied_slot_top_left15", "y": 90},
        {"model": "minecraft:block/chiseled_bookshelves/chiseled_bookshelf_occupied_slot_top_left16", "y": 90},
        {"model": "minecraft:block/chiseled_bookshelves/chiseled_bookshelf_occupied_slot_top_left17", "y": 90}
        ],
      "when": {
        "AND": [
          {
            "facing": "east"
          },
          {
            "slot_0_occupied": "true"
          }
        ]
      }
    },
    {
      "apply": {
        "model": "minecraft:block/chiseled_bookshelf_empty_slot_top_left",
        "y": 90
      },
      "when": {
        "AND": [
          {
            "facing": "east"
          },
          {
            "slot_0_occupied": "false"
          }
        ]
      }
    },
    {
      "apply": [
        {"model": "minecraft:block/chiseled_bookshelf_occupied_slot_bottom_mid", "y": 90},
        {"model": "minecraft:block/chiseled_bookshelves/chiseled_bookshelf_occupied_slot_bottom_mid2", "y": 90},
        {"model": "minecraft:block/chiseled_bookshelves/chiseled_bookshelf_occupied_slot_bottom_mid3", "y": 90},
        {"model": "minecraft:block/chiseled_bookshelves/chiseled_bookshelf_occupied_slot_bottom_mid4", "y": 90},
        {"model": "minecraft:block/chiseled_bookshelves/chiseled_bookshelf_occupied_slot_bottom_mid5", "y": 90},
        {"model": "minecraft:block/chiseled_bookshelves/chiseled_bookshelf_occupied_slot_bottom_mid6", "y": 90},
        {"model": "minecraft:block/chiseled_bookshelves/chiseled_bookshelf_occupied_slot_bottom_mid7", "y": 90},
        {"model": "minecraft:block/chiseled_bookshelves/chiseled_bookshelf_occupied_slot_bottom_mid8", "y": 90},
        {"model": "minecraft:block/chiseled_bookshelves/chiseled_bookshelf_occupied_slot_bottom_mid9", "y": 90},
        {"model": "minecraft:block/chiseled_bookshelves/chiseled_bookshelf_occupied_slot_bottom_mid10", "y": 90},
        {"model": "minecraft:block/chiseled_bookshelves/chiseled_bookshelf_occupied_slot_bottom_mid11", "y": 90},
        {"model": "minecraft:block/chiseled_bookshelves/chiseled_bookshelf_occupied_slot_bottom_mid12", "y": 90},
        {"model": "minecraft:block/chiseled_bookshelves/chiseled_bookshelf_occupied_slot_bottom_mid13", "y": 90},
        {"model": "minecraft:block/chiseled_bookshelves/chiseled_bookshelf_occupied_slot_bottom_mid14", "y": 90},
        {"model": "minecraft:block/chiseled_bookshelves/chiseled_bookshelf_occupied_slot_bottom_mid15", "y": 90},
        {"model": "minecraft:block/chiseled_bookshelves/chiseled_bookshelf_occupied_slot_bottom_mid16", "y": 90},
        {"model": "minecraft:block/chiseled_bookshelves/chiseled_bookshelf_occupied_slot_bottom_mid17", "y": 90}
        ],
      "when": {
        "AND": [
          {
            "facing": "east"
          },
          {
            "slot_4_occupied": "true"
          }
        ]
      }
    },
    {
      "apply": {
        "model": "minecraft:block/chiseled_bookshelf_empty_slot_bottom_mid",
        "y": 90
      },
      "when": {
        "AND": [
          {
            "facing": "east"
          },
          {
            "slot_4_occupied": "false"
          }
        ]
      }
    },
    {
      "apply": [
        {"model": "minecraft:block/chiseled_bookshelf_occupied_slot_top_right", "y": 90},
        {"model": "minecraft:block/chiseled_bookshelves/chiseled_bookshelf_occupied_slot_top_right2", "y": 90},
        {"model": "minecraft:block/chiseled_bookshelves/chiseled_bookshelf_occupied_slot_top_right3", "y": 90},
        {"model": "minecraft:block/chiseled_bookshelves/chiseled_bookshelf_occupied_slot_top_right4", "y": 90},
        {"model": "minecraft:block/chiseled_bookshelves/chiseled_bookshelf_occupied_slot_top_right5", "y": 90},
        {"model": "minecraft:block/chiseled_bookshelves/chiseled_bookshelf_occupied_slot_top_right6", "y": 90},
        {"model": "minecraft:block/chiseled_bookshelves/chiseled_bookshelf_occupied_slot_top_right7", "y": 90},
        {"model": "minecraft:block/chiseled_bookshelves/chiseled_bookshelf_occupied_slot_top_right8", "y": 90},
        {"model": "minecraft:block/chiseled_bookshelves/chiseled_bookshelf_occupied_slot_top_right9", "y": 90},
        {"model": "minecraft:block/chiseled_bookshelves/chiseled_bookshelf_occupied_slot_top_right10", "y": 90},
        {"model": "minecraft:block/chiseled_bookshelves/chiseled_bookshelf_occupied_slot_top_right11", "y": 90},
        {"model": "minecraft:block/chiseled_bookshelves/chiseled_bookshelf_occupied_slot_top_right12", "y": 90},
        {"model": "minecraft:block/chiseled_bookshelves/chiseled_bookshelf_occupied_slot_top_right13", "y": 90},
        {"model": "minecraft:block/chiseled_bookshelves/chiseled_bookshelf_occupied_slot_top_right14", "y": 90},
        {"model": "minecraft:block/chiseled_bookshelves/chiseled_bookshelf_occupied_slot_top_right15", "y": 90},
        {"model": "minecraft:block/chiseled_bookshelves/chiseled_bookshelf_occupied_slot_top_right16", "y": 90},
        {"model": "minecraft:block/chiseled_bookshelves/chiseled_bookshelf_occupied_slot_top_right17", "y": 90}
        ],
      "when": {
        "AND": [
          {
            "facing": "east"
          },
          {
            "slot_2_occupied": "true"
          }
        ]
      }
    },
    {
      "apply": {
        "model": "minecraft:block/chiseled_bookshelf_empty_slot_top_right",
        "y": 90
      },
      "when": {
        "AND": [
          {
            "facing": "east"
          },
          {
            "slot_2_occupied": "false"
          }
        ]
      }
    }
  ]
}