{
  "variants": {
    "": [
      {"model": "minecraft:block/crimson_fungi/crimson_fungus", "weight": 1},
      {"model": "minecraft:block/crimson_fungi/crimson_fungus_mid", "weight": 1},
      {"model": "minecraft:block/crimson_fungi/crimson_fungus_tiny", "weight": 1},
      {"model": "minecraft:block/crimson_fungi/crimson_fungus", "weight": 1, "y": 90},
      {"model": "minecraft:block/crimson_fungi/crimson_fungus_mid", "weight": 1, "y": 90},
      {"model": "minecraft:block/crimson_fungi/crimson_fungus_tiny", "weight": 1, "y": 90},
      {"model": "minecraft:block/crimson_fungi/crimson_fungus", "weight": 1, "y": 180},
      {"model": "minecraft:block/crimson_fungi/crimson_fungus_mid", "weight": 1, "y": 180},
      {"model": "minecraft:block/crimson_fungi/crimson_fungus_tiny", "weight": 1, "y": 180},
      {"model": "minecraft:block/crimson_fungi/crimson_fungus", "weight": 1, "y": 270},
      {"model": "minecraft:block/crimson_fungi/crimson_fungus_mid", "weight": 1, "y": 270},
      {"model": "minecraft:block/crimson_fungi/crimson_fungus_tiny", "weight": 1, "y": 270},
      {"model": "minecraft:block/crimson_fungi/crimson_fungus_alt", "weight": 1},
      {"model": "minecraft:block/crimson_fungi/crimson_fungus_mid_alt", "weight": 1},
      {"model": "minecraft:block/crimson_fungi/crimson_fungus_tiny_alt", "weight": 1},
      {"model": "minecraft:block/crimson_fungi/crimson_fungus_alt", "weight": 1, "y": 90},
      {"model": "minecraft:block/crimson_fungi/crimson_fungus_mid_alt", "weight": 1, "y": 90},
      {"model": "minecraft:block/crimson_fungi/crimson_fungus_tiny_alt", "weight": 1, "y": 90},
      {"model": "minecraft:block/crimson_fungi/crimson_fungus_alt", "weight": 1, "y": 180},
      {"model": "minecraft:block/crimson_fungi/crimson_fungus_mid_alt", "weight": 1, "y": 180},
      {"model": "minecraft:block/crimson_fungi/crimson_fungus_tiny_alt", "weight": 1, "y": 180},
      {"model": "minecraft:block/crimson_fungi/crimson_fungus_alt", "weight": 1, "y": 270},
      {"model": "minecraft:block/crimson_fungi/crimson_fungus_mid_alt", "weight": 1, "y": 270},
      {"model": "minecraft:block/crimson_fungi/crimson_fungus_tiny_alt", "weight": 1, "y": 270},
      {"model": "minecraft:block/crimson_fungi/crimson_fungus_cluster", "weight": 3},
      {"model": "minecraft:block/crimson_fungi/crimson_fungus_cluster2", "weight": 4},
      {"model": "minecraft:block/crimson_fungi/crimson_fungus_cluster3", "weight": 3},
      {"model": "minecraft:block/crimson_fungi/crimson_fungus_cluster4", "weight": 1},
      {"model": "minecraft:block/crimson_fungi/crimson_fungus_cluster5", "weight": 2},
      {"model": "minecraft:block/crimson_fungi/crimson_fungus_cluster", "weight": 3, "y": 90},
      {"model": "minecraft:block/crimson_fungi/crimson_fungus_cluster2", "weight": 4, "y": 90},
      {"model": "minecraft:block/crimson_fungi/crimson_fungus_cluster3", "weight": 3, "y": 90},
      {"model": "minecraft:block/crimson_fungi/crimson_fungus_cluster4", "weight": 1, "y": 90},
      {"model": "minecraft:block/crimson_fungi/crimson_fungus_cluster5", "weight": 2, "y": 90},
      {"model": "minecraft:block/crimson_fungi/crimson_fungus_cluster", "weight": 3, "y": 180},
      {"model": "minecraft:block/crimson_fungi/crimson_fungus_cluster2", "weight": 4, "y": 180},
      {"model": "minecraft:block/crimson_fungi/crimson_fungus_cluster3", "weight": 3, "y": 180},
      {"model": "minecraft:block/crimson_fungi/crimson_fungus_cluster4", "weight": 1, "y": 180},
      {"model": "minecraft:block/crimson_fungi/crimson_fungus_cluster5", "weight": 2, "y": 180},
      {"model": "minecraft:block/crimson_fungi/crimson_fungus_cluster", "weight": 3, "y": 270},
      {"model": "minecraft:block/crimson_fungi/crimson_fungus_cluster2", "weight": 4, "y": 270},
      {"model": "minecraft:block/crimson_fungi/crimson_fungus_cluster3", "weight": 3, "y": 270},
      {"model": "minecraft:block/crimson_fungi/crimson_fungus_cluster4", "weight": 1, "y": 270},
      {"model": "minecraft:block/crimson_fungi/crimson_fungus_cluster5", "weight": 2, "y": 270}
    ]
  }
}