{
	"variants": {
		"": [
			{"model": "block/deepslate_copper_ore", "weight":100},
			{"model": "block/copper_ores/deepslate_copper_ore1", "weight":1},
			{"model": "block/copper_ores/deepslate_copper_ore2", "weight":1},
			{"model": "block/copper_ores/deepslate_copper_ore3", "weight":100},
			{"model": "block/copper_ores/deepslate_copper_ore4", "weight":100},
			{"model": "block/copper_ores/deepslate_copper_ore5", "weight":100},
			{"model": "block/copper_ores/deepslate_copper_ore6", "weight":100},
			{"model": "block/copper_ores/deepslate_copper_ore7", "weight":100},
			{"model": "block/copper_ores/deepslate_copper_ore8", "weight":100}
		]
	}
}