{
  "variants": {
    "facing=east": [
      { "model": "minecraft:block/jack_o_lantern", "y": 90, "weight": 100},
      { "model": "minecraft:block/pumpkins/jack_o_lantern2", "y": 90, "weight": 100},
      { "model": "minecraft:block/pumpkins/jack_o_lantern3", "y": 90, "weight": 100},
      { "model": "minecraft:block/pumpkins/jack_o_lantern4", "y": 90, "weight": 100},
      { "model": "minecraft:block/pumpkins/jack_o_lantern5", "y": 90, "weight": 100},
      { "model": "minecraft:block/pumpkins/jack_o_lantern6", "y": 90, "weight": 100},
      { "model": "minecraft:block/pumpkins/jack_o_lantern7", "y": 90, "weight": 100},
      { "model": "minecraft:block/pumpkins/jack_o_lantern_amongus", "y": 90, "weight": 1},
      { "model": "minecraft:block/pumpkins/jack_o_lantern_annoyed", "y": 90, "weight": 70},
      { "model": "minecraft:block/pumpkins/jack_o_lantern_ase", "y": 90, "weight": 90},
      { "model": "minecraft:block/pumpkins/jack_o_lantern_blank", "y": 90, "weight": 80},
      { "model": "minecraft:block/pumpkins/jack_o_lantern_cat", "y": 90, "weight": 70},
      { "model": "minecraft:block/pumpkins/jack_o_lantern_creeper", "y": 90, "weight": 80},
      { "model": "minecraft:block/pumpkins/jack_o_lantern_creeper2", "y": 90, "weight": 50},
      { "model": "minecraft:block/pumpkins/jack_o_lantern_dead", "y": 90, "weight": 80},
      { "model": "minecraft:block/pumpkins/jack_o_lantern_despair", "y": 90, "weight": 90},
      { "model": "minecraft:block/pumpkins/jack_o_lantern_dog", "y": 90, "weight": 70},
      { "model": "minecraft:block/pumpkins/jack_o_lantern_dragon", "y": 90, "weight": 70},
      { "model": "minecraft:block/pumpkins/jack_o_lantern_electro", "y": 90, "weight": 90},
      { "model": "minecraft:block/pumpkins/jack_o_lantern_frowny", "y": 90, "weight": 50},
      { "model": "minecraft:block/pumpkins/jack_o_lantern_gecko", "y": 90, "weight": 80},
      { "model": "minecraft:block/pumpkins/jack_o_lantern_geodash", "y": 90, "weight": 50},
      { "model": "minecraft:block/pumpkins/jack_o_lantern_gourgeist", "y": 90, "weight": 100},
      { "model": "minecraft:block/pumpkins/jack_o_lantern_happy", "y": 90, "weight": 100},
      { "model": "minecraft:block/pumpkins/jack_o_lantern_happy2", "y": 90, "weight": 100},
      { "model": "minecraft:block/pumpkins/jack_o_lantern_happy3", "y": 90, "weight": 100},
      { "model": "minecraft:block/pumpkins/jack_o_lantern_happy4", "y": 90, "weight": 100},
      { "model": "minecraft:block/pumpkins/jack_o_lantern_happy5", "y": 90, "weight": 100},
      { "model": "minecraft:block/pumpkins/jack_o_lantern_jack", "y": 90, "weight": 70},
      { "model": "minecraft:block/pumpkins/jack_o_lantern_jeff", "y": 90, "weight": 50},
      { "model": "minecraft:block/pumpkins/jack_o_lantern_lenny", "y": 90, "weight": 10},
      { "model": "minecraft:block/pumpkins/jack_o_lantern_mad", "y": 90, "weight": 100},
      { "model": "minecraft:block/pumpkins/jack_o_lantern_monster", "y": 90, "weight": 100},
      { "model": "minecraft:block/pumpkins/jack_o_lantern_monster2", "y": 90, "weight": 100},
      { "model": "minecraft:block/pumpkins/jack_o_lantern_monster3", "y": 90, "weight": 100},
      { "model": "minecraft:block/pumpkins/jack_o_lantern_mumbo", "y": 90, "weight": 50},
      { "model": "minecraft:block/pumpkins/jack_o_lantern_nerve", "y": 90, "weight": 80},
      { "model": "minecraft:block/pumpkins/jack_o_lantern_owahhh", "y": 90, "weight": 20},
      { "model": "minecraft:block/pumpkins/jack_o_lantern_pog", "y": 90, "weight": 60},
      { "model": "minecraft:block/pumpkins/jack_o_lantern_puzzled", "y": 90, "weight": 90},
      { "model": "minecraft:block/pumpkins/jack_o_lantern_sad", "y": 90, "weight": 100},
      { "model": "minecraft:block/pumpkins/jack_o_lantern_sad2", "y": 90, "weight": 90},
      { "model": "minecraft:block/pumpkins/jack_o_lantern_sad3", "y": 90, "weight": 100},
      { "model": "minecraft:block/pumpkins/jack_o_lantern_sans", "y": 90, "weight": 10},
      { "model": "minecraft:block/pumpkins/jack_o_lantern_scary", "y": 90, "weight": 100},
      { "model": "minecraft:block/pumpkins/jack_o_lantern_scary2", "y": 90, "weight": 100},
      { "model": "minecraft:block/pumpkins/jack_o_lantern_scary3", "y": 90, "weight": 100},
      { "model": "minecraft:block/pumpkins/jack_o_lantern_scary4", "y": 90, "weight": 100},
      { "model": "minecraft:block/pumpkins/jack_o_lantern_scary5", "y": 90, "weight": 100},
      { "model": "minecraft:block/pumpkins/jack_o_lantern_scream", "y": 90, "weight": 40},
      { "model": "minecraft:block/pumpkins/jack_o_lantern_silly", "y": 90, "weight": 90},
      { "model": "minecraft:block/pumpkins/jack_o_lantern_silly2", "y": 90, "weight": 90},
      { "model": "minecraft:block/pumpkins/jack_o_lantern_skeleton", "y": 90, "weight": 100},
      { "model": "minecraft:block/pumpkins/jack_o_lantern_skeleton2", "y": 90, "weight": 100},
      { "model": "minecraft:block/pumpkins/jack_o_lantern_smiley", "y": 90, "weight": 50},
      { "model": "minecraft:block/pumpkins/jack_o_lantern_smol", "y": 90, "weight": 15},
      { "model": "minecraft:block/pumpkins/jack_o_lantern_smwblock", "y": 90, "weight": 40},
      { "model": "minecraft:block/pumpkins/jack_o_lantern_snake", "y": 90, "weight": 90},
      { "model": "minecraft:block/pumpkins/jack_o_lantern_spider", "y": 90, "weight": 70},
      { "model": "minecraft:block/pumpkins/jack_o_lantern_spooky", "y": 90, "weight": 100},
      { "model": "minecraft:block/pumpkins/jack_o_lantern_storm", "y": 90, "weight": 50},
      { "model": "minecraft:block/pumpkins/jack_o_lantern_sub", "y": 90, "weight": 100},
      { "model": "minecraft:block/pumpkins/jack_o_lantern_troll", "y": 90, "weight": 10},
      { "model": "minecraft:block/pumpkins/jack_o_lantern_uwu", "y": 90, "weight": 80},
      { "model": "minecraft:block/pumpkins/jack_o_lantern_vampire", "y": 90, "weight": 80},
      { "model": "minecraft:block/pumpkins/jack_o_lantern_warden", "y": 90, "weight": 50},
      { "model": "minecraft:block/pumpkins/jack_o_lantern_xd", "y": 90, "weight": 40},
      { "model": "minecraft:block/pumpkins/jack_o_lantern_zombie", "y": 90, "weight": 80},
      { "model": "minecraft:block/pumpkins/jack_o_lantern_zombie2", "y": 90, "weight": 50}
    ],
    "facing=north": [
      { "model": "minecraft:block/jack_o_lantern", "weight": 100},
      { "model": "minecraft:block/pumpkins/jack_o_lantern2", "weight": 100},
      { "model": "minecraft:block/pumpkins/jack_o_lantern3", "weight": 100},
      { "model": "minecraft:block/pumpkins/jack_o_lantern4", "weight": 100},
      { "model": "minecraft:block/pumpkins/jack_o_lantern5", "weight": 100},
      { "model": "minecraft:block/pumpkins/jack_o_lantern6", "weight": 100},
      { "model": "minecraft:block/pumpkins/jack_o_lantern7", "weight": 100},
      { "model": "minecraft:block/pumpkins/jack_o_lantern_amongus", "weight": 1},
      { "model": "minecraft:block/pumpkins/jack_o_lantern_annoyed", "weight": 70},
      { "model": "minecraft:block/pumpkins/jack_o_lantern_ase", "weight": 90},
      { "model": "minecraft:block/pumpkins/jack_o_lantern_blank", "weight": 80},
      { "model": "minecraft:block/pumpkins/jack_o_lantern_cat", "weight": 70},
      { "model": "minecraft:block/pumpkins/jack_o_lantern_creeper", "weight": 80},
      { "model": "minecraft:block/pumpkins/jack_o_lantern_creeper2", "weight": 50},
      { "model": "minecraft:block/pumpkins/jack_o_lantern_dead", "weight": 80},
      { "model": "minecraft:block/pumpkins/jack_o_lantern_despair", "weight": 90},
      { "model": "minecraft:block/pumpkins/jack_o_lantern_dog", "weight": 70},
      { "model": "minecraft:block/pumpkins/jack_o_lantern_dragon", "weight": 70},
      { "model": "minecraft:block/pumpkins/jack_o_lantern_electro", "weight": 90},
      { "model": "minecraft:block/pumpkins/jack_o_lantern_frowny", "weight": 50},
      { "model": "minecraft:block/pumpkins/jack_o_lantern_gecko", "weight": 80},
      { "model": "minecraft:block/pumpkins/jack_o_lantern_geodash", "weight": 50},
      { "model": "minecraft:block/pumpkins/jack_o_lantern_gourgeist", "weight": 100},
      { "model": "minecraft:block/pumpkins/jack_o_lantern_happy", "weight": 100},
      { "model": "minecraft:block/pumpkins/jack_o_lantern_happy2", "weight": 100},
      { "model": "minecraft:block/pumpkins/jack_o_lantern_happy3", "weight": 100},
      { "model": "minecraft:block/pumpkins/jack_o_lantern_happy4", "weight": 100},
      { "model": "minecraft:block/pumpkins/jack_o_lantern_happy5", "weight": 100},
      { "model": "minecraft:block/pumpkins/jack_o_lantern_jack", "weight": 70},
      { "model": "minecraft:block/pumpkins/jack_o_lantern_jeff", "weight": 50},
      { "model": "minecraft:block/pumpkins/jack_o_lantern_lenny", "weight": 10},
      { "model": "minecraft:block/pumpkins/jack_o_lantern_mad", "weight": 100},
      { "model": "minecraft:block/pumpkins/jack_o_lantern_monster", "weight": 100},
      { "model": "minecraft:block/pumpkins/jack_o_lantern_monster2", "weight": 100},
      { "model": "minecraft:block/pumpkins/jack_o_lantern_monster3", "weight": 100},
      { "model": "minecraft:block/pumpkins/jack_o_lantern_mumbo", "weight": 50},
      { "model": "minecraft:block/pumpkins/jack_o_lantern_nerve", "weight": 80},
      { "model": "minecraft:block/pumpkins/jack_o_lantern_owahhh", "weight": 20},
      { "model": "minecraft:block/pumpkins/jack_o_lantern_pog", "weight": 60},
      { "model": "minecraft:block/pumpkins/jack_o_lantern_puzzled", "weight": 90},
      { "model": "minecraft:block/pumpkins/jack_o_lantern_sad", "weight": 100},
      { "model": "minecraft:block/pumpkins/jack_o_lantern_sad2", "weight": 90},
      { "model": "minecraft:block/pumpkins/jack_o_lantern_sad3", "weight": 100},
      { "model": "minecraft:block/pumpkins/jack_o_lantern_sans", "weight": 10},
      { "model": "minecraft:block/pumpkins/jack_o_lantern_scary", "weight": 100},
      { "model": "minecraft:block/pumpkins/jack_o_lantern_scary2", "weight": 100},
      { "model": "minecraft:block/pumpkins/jack_o_lantern_scary3", "weight": 100},
      { "model": "minecraft:block/pumpkins/jack_o_lantern_scary4", "weight": 100},
      { "model": "minecraft:block/pumpkins/jack_o_lantern_scary5", "weight": 100},
      { "model": "minecraft:block/pumpkins/jack_o_lantern_scream", "weight": 40},
      { "model": "minecraft:block/pumpkins/jack_o_lantern_silly", "weight": 90},
      { "model": "minecraft:block/pumpkins/jack_o_lantern_silly2", "weight": 90},
      { "model": "minecraft:block/pumpkins/jack_o_lantern_skeleton", "weight": 100},
      { "model": "minecraft:block/pumpkins/jack_o_lantern_skeleton2", "weight": 100},
      { "model": "minecraft:block/pumpkins/jack_o_lantern_smiley", "weight": 50},
      { "model": "minecraft:block/pumpkins/jack_o_lantern_smol", "weight": 15},
      { "model": "minecraft:block/pumpkins/jack_o_lantern_smwblock", "weight": 40},
      { "model": "minecraft:block/pumpkins/jack_o_lantern_snake", "weight": 90},
      { "model": "minecraft:block/pumpkins/jack_o_lantern_spider", "weight": 70},
      { "model": "minecraft:block/pumpkins/jack_o_lantern_spooky", "weight": 100},
      { "model": "minecraft:block/pumpkins/jack_o_lantern_storm", "weight": 50},
      { "model": "minecraft:block/pumpkins/jack_o_lantern_sub", "weight": 100},
      { "model": "minecraft:block/pumpkins/jack_o_lantern_troll", "weight": 10},
      { "model": "minecraft:block/pumpkins/jack_o_lantern_uwu", "weight": 80},
      { "model": "minecraft:block/pumpkins/jack_o_lantern_vampire", "weight": 80},
      { "model": "minecraft:block/pumpkins/jack_o_lantern_warden", "weight": 50},
      { "model": "minecraft:block/pumpkins/jack_o_lantern_xd", "weight": 40},
      { "model": "minecraft:block/pumpkins/jack_o_lantern_zombie", "weight": 80},
      { "model": "minecraft:block/pumpkins/jack_o_lantern_zombie2", "weight": 50}
    ],
    "facing=south": [
      { "model": "minecraft:block/jack_o_lantern", "y": 180, "weight": 100},
      { "model": "minecraft:block/pumpkins/jack_o_lantern2", "y": 180, "weight": 100},
      { "model": "minecraft:block/pumpkins/jack_o_lantern3", "y": 180, "weight": 100},
      { "model": "minecraft:block/pumpkins/jack_o_lantern4", "y": 180, "weight": 100},
      { "model": "minecraft:block/pumpkins/jack_o_lantern5", "y": 180, "weight": 100},
      { "model": "minecraft:block/pumpkins/jack_o_lantern6", "y": 180, "weight": 100},
      { "model": "minecraft:block/pumpkins/jack_o_lantern7", "y": 180, "weight": 100},
      { "model": "minecraft:block/pumpkins/jack_o_lantern_amongus", "y": 180, "weight": 1},
      { "model": "minecraft:block/pumpkins/jack_o_lantern_annoyed", "y": 180, "weight": 70},
      { "model": "minecraft:block/pumpkins/jack_o_lantern_ase", "y": 180, "weight": 90},
      { "model": "minecraft:block/pumpkins/jack_o_lantern_blank", "y": 180, "weight": 80},
      { "model": "minecraft:block/pumpkins/jack_o_lantern_cat", "y": 180, "weight": 70},
      { "model": "minecraft:block/pumpkins/jack_o_lantern_creeper", "y": 180, "weight": 80},
      { "model": "minecraft:block/pumpkins/jack_o_lantern_creeper2", "y": 180, "weight": 50},
      { "model": "minecraft:block/pumpkins/jack_o_lantern_dead", "y": 180, "weight": 80},
      { "model": "minecraft:block/pumpkins/jack_o_lantern_despair", "y": 180, "weight": 90},
      { "model": "minecraft:block/pumpkins/jack_o_lantern_dog", "y": 180, "weight": 70},
      { "model": "minecraft:block/pumpkins/jack_o_lantern_dragon", "y": 180, "weight": 70},
      { "model": "minecraft:block/pumpkins/jack_o_lantern_electro", "y": 180, "weight": 90},
      { "model": "minecraft:block/pumpkins/jack_o_lantern_frowny", "y": 180, "weight": 50},
      { "model": "minecraft:block/pumpkins/jack_o_lantern_gecko", "y": 180, "weight": 80},
      { "model": "minecraft:block/pumpkins/jack_o_lantern_geodash", "y": 180, "weight": 50},
      { "model": "minecraft:block/pumpkins/jack_o_lantern_gourgeist", "y": 180, "weight": 100},
      { "model": "minecraft:block/pumpkins/jack_o_lantern_happy", "y": 180, "weight": 100},
      { "model": "minecraft:block/pumpkins/jack_o_lantern_happy2", "y": 180, "weight": 100},
      { "model": "minecraft:block/pumpkins/jack_o_lantern_happy3", "y": 180, "weight": 100},
      { "model": "minecraft:block/pumpkins/jack_o_lantern_happy4", "y": 180, "weight": 100},
      { "model": "minecraft:block/pumpkins/jack_o_lantern_happy5", "y": 180, "weight": 100},
      { "model": "minecraft:block/pumpkins/jack_o_lantern_jack", "y": 180, "weight": 70},
      { "model": "minecraft:block/pumpkins/jack_o_lantern_jeff", "y": 180, "weight": 50},
      { "model": "minecraft:block/pumpkins/jack_o_lantern_lenny", "y": 180, "weight": 10},
      { "model": "minecraft:block/pumpkins/jack_o_lantern_mad", "y": 180, "weight": 100},
      { "model": "minecraft:block/pumpkins/jack_o_lantern_monster", "y": 180, "weight": 100},
      { "model": "minecraft:block/pumpkins/jack_o_lantern_monster2", "y": 180, "weight": 100},
      { "model": "minecraft:block/pumpkins/jack_o_lantern_monster3", "y": 180, "weight": 100},
      { "model": "minecraft:block/pumpkins/jack_o_lantern_mumbo", "y": 180, "weight": 50},
      { "model": "minecraft:block/pumpkins/jack_o_lantern_nerve", "y": 180, "weight": 80},
      { "model": "minecraft:block/pumpkins/jack_o_lantern_owahhh", "y": 180, "weight": 20},
      { "model": "minecraft:block/pumpkins/jack_o_lantern_pog", "y": 180, "weight": 60},
      { "model": "minecraft:block/pumpkins/jack_o_lantern_puzzled", "y": 180, "weight": 90},
      { "model": "minecraft:block/pumpkins/jack_o_lantern_sad", "y": 180, "weight": 100},
      { "model": "minecraft:block/pumpkins/jack_o_lantern_sad2", "y": 180, "weight": 90},
      { "model": "minecraft:block/pumpkins/jack_o_lantern_sad3", "y": 180, "weight": 100},
      { "model": "minecraft:block/pumpkins/jack_o_lantern_sans", "y": 180, "weight": 10},
      { "model": "minecraft:block/pumpkins/jack_o_lantern_scary", "y": 180, "weight": 100},
      { "model": "minecraft:block/pumpkins/jack_o_lantern_scary2", "y": 180, "weight": 100},
      { "model": "minecraft:block/pumpkins/jack_o_lantern_scary3", "y": 180, "weight": 100},
      { "model": "minecraft:block/pumpkins/jack_o_lantern_scary4", "y": 180, "weight": 100},
      { "model": "minecraft:block/pumpkins/jack_o_lantern_scary5", "y": 180, "weight": 100},
      { "model": "minecraft:block/pumpkins/jack_o_lantern_scream", "y": 180, "weight": 40},
      { "model": "minecraft:block/pumpkins/jack_o_lantern_silly", "y": 180, "weight": 90},
      { "model": "minecraft:block/pumpkins/jack_o_lantern_silly2", "y": 180, "weight": 90},
      { "model": "minecraft:block/pumpkins/jack_o_lantern_skeleton", "y": 180, "weight": 100},
      { "model": "minecraft:block/pumpkins/jack_o_lantern_skeleton2", "y": 180, "weight": 100},
      { "model": "minecraft:block/pumpkins/jack_o_lantern_smiley", "y": 180, "weight": 50},
      { "model": "minecraft:block/pumpkins/jack_o_lantern_smol", "y": 180, "weight": 15},
      { "model": "minecraft:block/pumpkins/jack_o_lantern_smwblock", "y": 180, "weight": 40},
      { "model": "minecraft:block/pumpkins/jack_o_lantern_snake", "y": 180, "weight": 90},
      { "model": "minecraft:block/pumpkins/jack_o_lantern_spider", "y": 180, "weight": 70},
      { "model": "minecraft:block/pumpkins/jack_o_lantern_spooky", "y": 180, "weight": 100},
      { "model": "minecraft:block/pumpkins/jack_o_lantern_storm", "y": 180, "weight": 50},
      { "model": "minecraft:block/pumpkins/jack_o_lantern_sub", "y": 180, "weight": 100},
      { "model": "minecraft:block/pumpkins/jack_o_lantern_troll", "y": 180, "weight": 10},
      { "model": "minecraft:block/pumpkins/jack_o_lantern_uwu", "y": 180, "weight": 80},
      { "model": "minecraft:block/pumpkins/jack_o_lantern_vampire", "y": 180, "weight": 80},
      { "model": "minecraft:block/pumpkins/jack_o_lantern_warden", "y": 180, "weight": 50},
      { "model": "minecraft:block/pumpkins/jack_o_lantern_xd", "y": 180, "weight": 40},
      { "model": "minecraft:block/pumpkins/jack_o_lantern_zombie", "y": 180, "weight": 80},
      { "model": "minecraft:block/pumpkins/jack_o_lantern_zombie2", "y": 180, "weight": 50}
    ],
    "facing=west": [
      { "model": "minecraft:block/jack_o_lantern", "y": 270, "weight": 100},
      { "model": "minecraft:block/pumpkins/jack_o_lantern2", "y": 270, "weight": 100},
      { "model": "minecraft:block/pumpkins/jack_o_lantern3", "y": 270, "weight": 100},
      { "model": "minecraft:block/pumpkins/jack_o_lantern4", "y": 270, "weight": 100},
      { "model": "minecraft:block/pumpkins/jack_o_lantern5", "y": 270, "weight": 100},
      { "model": "minecraft:block/pumpkins/jack_o_lantern6", "y": 270, "weight": 100},
      { "model": "minecraft:block/pumpkins/jack_o_lantern7", "y": 270, "weight": 100},
      { "model": "minecraft:block/pumpkins/jack_o_lantern_amongus", "y": 270, "weight": 1},
      { "model": "minecraft:block/pumpkins/jack_o_lantern_annoyed", "y": 270, "weight": 70},
      { "model": "minecraft:block/pumpkins/jack_o_lantern_ase", "y": 270, "weight": 90},
      { "model": "minecraft:block/pumpkins/jack_o_lantern_blank", "y": 270, "weight": 80},
      { "model": "minecraft:block/pumpkins/jack_o_lantern_cat", "y": 270, "weight": 70},
      { "model": "minecraft:block/pumpkins/jack_o_lantern_creeper", "y": 270, "weight": 80},
      { "model": "minecraft:block/pumpkins/jack_o_lantern_creeper2", "y": 270, "weight": 50},
      { "model": "minecraft:block/pumpkins/jack_o_lantern_dead", "y": 270, "weight": 80},
      { "model": "minecraft:block/pumpkins/jack_o_lantern_despair", "y": 270, "weight": 90},
      { "model": "minecraft:block/pumpkins/jack_o_lantern_dog", "y": 270, "weight": 70},
      { "model": "minecraft:block/pumpkins/jack_o_lantern_dragon", "y": 270, "weight": 70},
      { "model": "minecraft:block/pumpkins/jack_o_lantern_electro", "y": 270, "weight": 90},
      { "model": "minecraft:block/pumpkins/jack_o_lantern_frowny", "y": 270, "weight": 50},
      { "model": "minecraft:block/pumpkins/jack_o_lantern_gecko", "y": 270, "weight": 80},
      { "model": "minecraft:block/pumpkins/jack_o_lantern_geodash", "y": 270, "weight": 50},
      { "model": "minecraft:block/pumpkins/jack_o_lantern_gourgeist", "y": 270, "weight": 100},
      { "model": "minecraft:block/pumpkins/jack_o_lantern_happy", "y": 270, "weight": 100},
      { "model": "minecraft:block/pumpkins/jack_o_lantern_happy2", "y": 270, "weight": 100},
      { "model": "minecraft:block/pumpkins/jack_o_lantern_happy3", "y": 270, "weight": 100},
      { "model": "minecraft:block/pumpkins/jack_o_lantern_happy4", "y": 270, "weight": 100},
      { "model": "minecraft:block/pumpkins/jack_o_lantern_happy5", "y": 270, "weight": 100},
      { "model": "minecraft:block/pumpkins/jack_o_lantern_jack", "y": 270, "weight": 70},
      { "model": "minecraft:block/pumpkins/jack_o_lantern_jeff", "y": 270, "weight": 50},
      { "model": "minecraft:block/pumpkins/jack_o_lantern_lenny", "y": 270, "weight": 10},
      { "model": "minecraft:block/pumpkins/jack_o_lantern_mad", "y": 270, "weight": 100},
      { "model": "minecraft:block/pumpkins/jack_o_lantern_monster", "y": 270, "weight": 100},
      { "model": "minecraft:block/pumpkins/jack_o_lantern_monster2", "y": 270, "weight": 100},
      { "model": "minecraft:block/pumpkins/jack_o_lantern_monster3", "y": 270, "weight": 100},
      { "model": "minecraft:block/pumpkins/jack_o_lantern_mumbo", "y": 270, "weight": 50},
      { "model": "minecraft:block/pumpkins/jack_o_lantern_nerve", "y": 270, "weight": 80},
      { "model": "minecraft:block/pumpkins/jack_o_lantern_owahhh", "y": 270, "weight": 20},
      { "model": "minecraft:block/pumpkins/jack_o_lantern_pog", "y": 270, "weight": 60},
      { "model": "minecraft:block/pumpkins/jack_o_lantern_puzzled", "y": 270, "weight": 90},
      { "model": "minecraft:block/pumpkins/jack_o_lantern_sad", "y": 270, "weight": 100},
      { "model": "minecraft:block/pumpkins/jack_o_lantern_sad2", "y": 270, "weight": 90},
      { "model": "minecraft:block/pumpkins/jack_o_lantern_sad3", "y": 270, "weight": 100},
      { "model": "minecraft:block/pumpkins/jack_o_lantern_sans", "y": 270, "weight": 10},
      { "model": "minecraft:block/pumpkins/jack_o_lantern_scary", "y": 270, "weight": 100},
      { "model": "minecraft:block/pumpkins/jack_o_lantern_scary2", "y": 270, "weight": 100},
      { "model": "minecraft:block/pumpkins/jack_o_lantern_scary3", "y": 270, "weight": 100},
      { "model": "minecraft:block/pumpkins/jack_o_lantern_scary4", "y": 270, "weight": 100},
      { "model": "minecraft:block/pumpkins/jack_o_lantern_scary5", "y": 270, "weight": 100},
      { "model": "minecraft:block/pumpkins/jack_o_lantern_scream", "y": 270, "weight": 40},
      { "model": "minecraft:block/pumpkins/jack_o_lantern_silly", "y": 270, "weight": 90},
      { "model": "minecraft:block/pumpkins/jack_o_lantern_silly2", "y": 270, "weight": 90},
      { "model": "minecraft:block/pumpkins/jack_o_lantern_skeleton", "y": 270, "weight": 100},
      { "model": "minecraft:block/pumpkins/jack_o_lantern_skeleton2", "y": 270, "weight": 100},
      { "model": "minecraft:block/pumpkins/jack_o_lantern_smiley", "y": 270, "weight": 50},
      { "model": "minecraft:block/pumpkins/jack_o_lantern_smol", "y": 270, "weight": 15},
      { "model": "minecraft:block/pumpkins/jack_o_lantern_smwblock", "y": 270, "weight": 40},
      { "model": "minecraft:block/pumpkins/jack_o_lantern_snake", "y": 270, "weight": 90},
      { "model": "minecraft:block/pumpkins/jack_o_lantern_spider", "y": 270, "weight": 70},
      { "model": "minecraft:block/pumpkins/jack_o_lantern_spooky", "y": 270, "weight": 100},
      { "model": "minecraft:block/pumpkins/jack_o_lantern_storm", "y": 270, "weight": 50},
      { "model": "minecraft:block/pumpkins/jack_o_lantern_sub", "y": 270, "weight": 100},
      { "model": "minecraft:block/pumpkins/jack_o_lantern_troll", "y": 270, "weight": 10},
      { "model": "minecraft:block/pumpkins/jack_o_lantern_uwu", "y": 270, "weight": 80},
      { "model": "minecraft:block/pumpkins/jack_o_lantern_vampire", "y": 270, "weight": 80},
      { "model": "minecraft:block/pumpkins/jack_o_lantern_warden", "y": 270, "weight": 50},
      { "model": "minecraft:block/pumpkins/jack_o_lantern_xd", "y": 270, "weight": 40},
      { "model": "minecraft:block/pumpkins/jack_o_lantern_zombie", "y": 270, "weight": 80},
      { "model": "minecraft:block/pumpkins/jack_o_lantern_zombie2", "y": 270, "weight": 50}
    ]
  }
}