{
  "variants": {
    "has_record=false": {
      "model": "minecraft:block/jukebox"
    },
    "has_record=true": [
      {"model": "minecraft:block/jukebox_playing/5"},
      {"model": "minecraft:block/jukebox_playing/13"},
      {"model": "minecraft:block/jukebox_playing/blocks"},
      {"model": "minecraft:block/jukebox_playing/cat"},
      {"model": "minecraft:block/jukebox_playing/chirp"},
      {"model": "minecraft:block/jukebox_playing/creator"},
      {"model": "minecraft:block/jukebox_playing/creator_music_box"},
      {"model": "minecraft:block/jukebox_playing/far"},
      {"model": "minecraft:block/jukebox_playing/mall"},
      {"model": "minecraft:block/jukebox_playing/mellohi"},
      {"model": "minecraft:block/jukebox_playing/otherside"},
      {"model": "minecraft:block/jukebox_playing/pigstep"},
      {"model": "minecraft:block/jukebox_playing/precipice"},
      {"model": "minecraft:block/jukebox_playing/relic"},
      {"model": "minecraft:block/jukebox_playing/stal"},
      {"model": "minecraft:block/jukebox_playing/strad"},
      {"model": "minecraft:block/jukebox_playing/wait"},
      {"model": "minecraft:block/jukebox_playing/ward"}
    ]
  }
}