{
  "variants": {
	 "part=head,facing=east": {
		 "model": "minecraft:block/light_gray_bed_head",
		 "y": 270
	 },
	 "part=head,facing=north": {
		 "model": "minecraft:block/light_gray_bed_head",
		 "y": 180
	 },
	 "part=head,facing=south": {
		 "model": "minecraft:block/light_gray_bed_head"
	 },
	 "part=head,facing=west": {
		 "model": "minecraft:block/light_gray_bed_head",
		 "y": 90
	 },
	 "part=foot,facing=east": {
		 "model": "minecraft:block/light_gray_bed_foot",
		 "y": 270
	 },
	 "part=foot,facing=north": {
		 "model": "minecraft:block/light_gray_bed_foot",
		 "y": 180
	 },
	 "part=foot,facing=south": {
		 "model": "minecraft:block/light_gray_bed_foot"
	 },
	 "part=foot,facing=west": {
		 "model": "minecraft:block/light_gray_bed_foot",
		 "y": 90
	 }
  }
}