{
  "variants": {
    "": [
      {
        "model": "minecraft:block/lily_pad", "weight": 5
      },
      {
        "model": "minecraft:block/lily_pad", "weight": 5,
        "y": 90
      },
      {
        "model": "minecraft:block/lily_pad", "weight": 5,
        "y": 180
      },
      {
        "model": "minecraft:block/lily_pad", "weight": 5,
        "y": 270
      },
      {
        "model": "minecraft:block/lily_pad_lotus", "weight": 1
      },
      {
        "model": "minecraft:block/lily_pad_lotus", "weight": 1,
        "y": 90
      },
      {
        "model": "minecraft:block/lily_pad_lotus", "weight": 1,
        "y": 180
      },
      {
        "model": "minecraft:block/lily_pad_lotus", "weight": 1,
        "y": 270
      },
      {
        "model": "minecraft:block/lily_pad_lotus_white", "weight": 1
      },
      {
        "model": "minecraft:block/lily_pad_lotus_white", "weight": 1,
        "y": 90
      },
      {
        "model": "minecraft:block/lily_pad_lotus_white", "weight": 1,
        "y": 180
      },
      {
        "model": "minecraft:block/lily_pad_lotus_white", "weight": 1,
        "y": 270
      }
    ]
  }
}