{
  "variants": {
    "facing=east,half=lower,hinge=left,open=false": {
      "model": "minecraft:block/oak_door_bottom_2d"
    },
    "facing=east,half=lower,hinge=left,open=true": {
      "model": "minecraft:block/oak_door_bottom_hinge_2d",
      "y": 90
    },
    "facing=east,half=lower,hinge=right,open=false": {
      "model": "minecraft:block/oak_door_bottom_hinge_2d"
    },
    "facing=east,half=lower,hinge=right,open=true": {
      "model": "minecraft:block/oak_door_bottom_2d",
      "y": 270
    },
    "facing=east,half=upper,hinge=left,open=false": {
      "model": "minecraft:block/oak_door_top_2d"
    },
    "facing=east,half=upper,hinge=left,open=true": {
      "model": "minecraft:block/oak_door_top_hinge_2d",
      "y": 90
    },
    "facing=east,half=upper,hinge=right,open=false": {
      "model": "minecraft:block/oak_door_top_hinge_2d"
    },
    "facing=east,half=upper,hinge=right,open=true": {
      "model": "minecraft:block/oak_door_top_2d",
      "y": 270
    },
    "facing=north,half=lower,hinge=left,open=false": {
      "model": "minecraft:block/oak_door_bottom_2d",
      "y": 270
    },
    "facing=north,half=lower,hinge=left,open=true": {
      "model": "minecraft:block/oak_door_bottom_hinge_2d"
    },
    "facing=north,half=lower,hinge=right,open=false": {
      "model": "minecraft:block/oak_door_bottom_hinge_2d",
      "y": 270
    },
    "facing=north,half=lower,hinge=right,open=true": {
      "model": "minecraft:block/oak_door_bottom_2d",
      "y": 180
    },
    "facing=north,half=upper,hinge=left,open=false": {
      "model": "minecraft:block/oak_door_top_2d",
      "y": 270
    },
    "facing=north,half=upper,hinge=left,open=true": {
      "model": "minecraft:block/oak_door_top_hinge_2d"
    },
    "facing=north,half=upper,hinge=right,open=false": {
      "model": "minecraft:block/oak_door_top_hinge_2d",
      "y": 270
    },
    "facing=north,half=upper,hinge=right,open=true": {
      "model": "minecraft:block/oak_door_top_2d",
      "y": 180
    },
    "facing=south,half=lower,hinge=left,open=false": {
      "model": "minecraft:block/oak_door_bottom_2d",
      "y": 90
    },
    "facing=south,half=lower,hinge=left,open=true": {
      "model": "minecraft:block/oak_door_bottom_hinge_2d",
      "y": 180
    },
    "facing=south,half=lower,hinge=right,open=false": {
      "model": "minecraft:block/oak_door_bottom_hinge_2d",
      "y": 90
    },
    "facing=south,half=lower,hinge=right,open=true": {
      "model": "minecraft:block/oak_door_bottom_2d"
    },
    "facing=south,half=upper,hinge=left,open=false": {
      "model": "minecraft:block/oak_door_top_2d",
      "y": 90
    },
    "facing=south,half=upper,hinge=left,open=true": {
      "model": "minecraft:block/oak_door_top_hinge_2d",
      "y": 180
    },
    "facing=south,half=upper,hinge=right,open=false": {
      "model": "minecraft:block/oak_door_top_hinge_2d",
      "y": 90
    },
    "facing=south,half=upper,hinge=right,open=true": {
      "model": "minecraft:block/oak_door_top_2d"
    },
    "facing=west,half=lower,hinge=left,open=false": {
      "model": "minecraft:block/oak_door_bottom_2d",
      "y": 180
    },
    "facing=west,half=lower,hinge=left,open=true": {
      "model": "minecraft:block/oak_door_bottom_hinge_2d",
      "y": 270
    },
    "facing=west,half=lower,hinge=right,open=false": {
      "model": "minecraft:block/oak_door_bottom_hinge_2d",
      "y": 180
    },
    "facing=west,half=lower,hinge=right,open=true": {
      "model": "minecraft:block/oak_door_bottom_2d",
      "y": 90
    },
    "facing=west,half=upper,hinge=left,open=false": {
      "model": "minecraft:block/oak_door_top_2d",
      "y": 180
    },
    "facing=west,half=upper,hinge=left,open=true": {
      "model": "minecraft:block/oak_door_top_hinge_2d",
      "y": 270
    },
    "facing=west,half=upper,hinge=right,open=false": {
      "model": "minecraft:block/oak_door_top_hinge_2d",
      "y": 180
    },
    "facing=west,half=upper,hinge=right,open=true": {
      "model": "minecraft:block/oak_door_top_2d",
      "y": 90
    }
  }
}