{
  "variants": {
    "facing=east,half=bottom,shape=inner_left": {
      "model": "minecraft:block/polished_diorite_stairs_inner3",
      "y": 270,
      "uvlock": true
    },
    "facing=east,half=bottom,shape=inner_right": {
      "model": "minecraft:block/polished_diorite_stairs_inner1",
	  "uvlock": true
    },
    "facing=east,half=bottom,shape=outer_left": {
      "model": "minecraft:block/polished_diorite_stairs_outer2",
      "y": 270,
      "uvlock": true
    },
    "facing=east,half=bottom,shape=outer_right": {
      "model": "minecraft:block/polished_diorite_stairs_outer4",
	  "uvlock": true
    },
    "facing=east,half=bottom,shape=straight": {
      "model": "minecraft:block/polished_diorite_stairs1",
	  "uvlock": true
    },
    "facing=east,half=top,shape=inner_left": {
      "model": "minecraft:block/polished_diorite_stairs_inner1a",
      "x": 180,
      "uvlock": true
    },
    "facing=east,half=top,shape=inner_right": {
      "model": "minecraft:block/polished_diorite_stairs_inner3a",
      "x": 180,
      "y": 90,
      "uvlock": true
    },
    "facing=east,half=top,shape=outer_left": {
      "model": "minecraft:block/polished_diorite_stairs_outer4a",
      "x": 180,
      "uvlock": true
    },
    "facing=east,half=top,shape=outer_right": {
      "model": "minecraft:block/polished_diorite_stairs_outer2a",
      "x": 180,
      "y": 90,
      "uvlock": true
    },
    "facing=east,half=top,shape=straight": {
      "model": "minecraft:block/polished_diorite_stairs3",
      "x": 180,
      "uvlock": true
    },
    "facing=north,half=bottom,shape=inner_left": {
      "model": "minecraft:block/polished_diorite_stairs_inner4",
      "y": 180,
      "uvlock": true
    },
    "facing=north,half=bottom,shape=inner_right": {
      "model": "minecraft:block/polished_diorite_stairs_inner3",
      "y": 270,
      "uvlock": true
    },
    "facing=north,half=bottom,shape=outer_left": {
      "model": "minecraft:block/polished_diorite_stairs_outer1",
      "y": 180,
      "uvlock": true
    },
    "facing=north,half=bottom,shape=outer_right": {
      "model": "minecraft:block/polished_diorite_stairs_outer2",
      "y": 270,
      "uvlock": true
    },
    "facing=north,half=bottom,shape=straight": {
      "model": "minecraft:block/polished_diorite_stairs2",
      "y": 270,
      "uvlock": true
    },
    "facing=north,half=top,shape=inner_left": {
      "model": "minecraft:block/polished_diorite_stairs_inner2a",
      "x": 180,
      "y": 270,
      "uvlock": true
    },
    "facing=north,half=top,shape=inner_right": {
      "model": "minecraft:block/polished_diorite_stairs_inner1a",
      "x": 180,
      "uvlock": true
    },
    "facing=north,half=top,shape=outer_left": {
      "model": "minecraft:block/polished_diorite_stairs_outer3a",
      "x": 180,
      "y": 270,
      "uvlock": true
    },
    "facing=north,half=top,shape=outer_right": {
      "model": "minecraft:block/polished_diorite_stairs_outer4a",
      "x": 180,
      "uvlock": true
    },
    "facing=north,half=top,shape=straight": {
      "model": "minecraft:block/polished_diorite_stairs4",
      "x": 180,
      "y": 270,
      "uvlock": true
    },
    "facing=south,half=bottom,shape=inner_left": {
      "model": "minecraft:block/polished_diorite_stairs_inner1",
	  "uvlock": true
    },
    "facing=south,half=bottom,shape=inner_right": {
      "model": "minecraft:block/polished_diorite_stairs_inner2",
      "y": 90,
      "uvlock": true
    },
    "facing=south,half=bottom,shape=outer_left": {
      "model": "minecraft:block/polished_diorite_stairs_outer4",
	  "uvlock": true
    },
    "facing=south,half=bottom,shape=outer_right": {
      "model": "minecraft:block/polished_diorite_stairs_outer3",
      "y": 90,
      "uvlock": true
    },
    "facing=south,half=bottom,shape=straight": {
      "model": "minecraft:block/polished_diorite_stairs2",
      "y": 90,
      "uvlock": true
    },
    "facing=south,half=top,shape=inner_left": {
      "model": "minecraft:block/polished_diorite_stairs_inner3a",
      "x": 180,
      "y": 90,
      "uvlock": true
    },
    "facing=south,half=top,shape=inner_right": {
      "model": "minecraft:block/polished_diorite_stairs_inner4a",
      "x": 180,
      "y": 180,
      "uvlock": true
    },
    "facing=south,half=top,shape=outer_left": {
      "model": "minecraft:block/polished_diorite_stairs_outer2a",
      "x": 180,
      "y": 90,
      "uvlock": true
    },
    "facing=south,half=top,shape=outer_right": {
      "model": "minecraft:block/polished_diorite_stairs_outer1a",
      "x": 180,
      "y": 180,
      "uvlock": true
    },
    "facing=south,half=top,shape=straight": {
      "model": "minecraft:block/polished_diorite_stairs4",
      "x": 180,
      "y": 90,
      "uvlock": true
    },
    "facing=west,half=bottom,shape=inner_left": {
      "model": "minecraft:block/polished_diorite_stairs_inner2",
      "y": 90,
      "uvlock": true
    },
    "facing=west,half=bottom,shape=inner_right": {
      "model": "minecraft:block/polished_diorite_stairs_inner4",
      "y": 180,
      "uvlock": true
    },
    "facing=west,half=bottom,shape=outer_left": {
      "model": "minecraft:block/polished_diorite_stairs_outer3",
      "y": 90,
      "uvlock": true
    },
    "facing=west,half=bottom,shape=outer_right": {
      "model": "minecraft:block/polished_diorite_stairs_outer1",
      "y": 180,
      "uvlock": true
    },
    "facing=west,half=bottom,shape=straight": {
      "model": "minecraft:block/polished_diorite_stairs1",
      "y": 180,
      "uvlock": true
    },
    "facing=west,half=top,shape=inner_left": {
      "model": "minecraft:block/polished_diorite_stairs_inner4a",
      "x": 180,
      "y": 180,
      "uvlock": true
    },
    "facing=west,half=top,shape=inner_right": {
      "model": "minecraft:block/polished_diorite_stairs_inner2a",
      "x": 180,
      "y": 270,
      "uvlock": true
    },
    "facing=west,half=top,shape=outer_left": {
      "model": "minecraft:block/polished_diorite_stairs_outer1a",
      "x": 180,
      "y": 180,
      "uvlock": true
    },
    "facing=west,half=top,shape=outer_right": {
      "model": "minecraft:block/polished_diorite_stairs_outer3a",
      "x": 180,
      "y": 270,
      "uvlock": true
    },
    "facing=west,half=top,shape=straight": {
      "model": "minecraft:block/polished_diorite_stairs3",
      "x": 180,
      "y": 180,
      "uvlock": true
    }
  }
}