{
  "variants": {
    "facing=east,half=bottom,open=false": {
      "model": "minecraft:block/warped_trapdoor_bottom_east_2d",
      "y": 90
    },
    "facing=east,half=bottom,open=true": {
      "model": "minecraft:block/warped_trapdoor_open_upsidedown_2d",
      "y": 90
    },
    "facing=east,half=top,open=false": {
      "model": "minecraft:block/warped_trapdoor_top_east_2d",
      "y": 90
    },
    "facing=east,half=top,open=true": {
      "model": "minecraft:block/warped_trapdoor_open_2d",
      "x": 180,
      "y": 270
    },
    "facing=north,half=bottom,open=false": {
      "model": "minecraft:block/warped_trapdoor_bottom_north_2d"
    },
    "facing=north,half=bottom,open=true": {
      "model": "minecraft:block/warped_trapdoor_open_upsidedown_2d"
    },
    "facing=north,half=top,open=false": {
      "model": "minecraft:block/warped_trapdoor_top_north_2d"
    },
    "facing=north,half=top,open=true": {
      "model": "minecraft:block/warped_trapdoor_open_2d",
      "x": 180,
      "y": 180
    },
    "facing=south,half=bottom,open=false": {
      "model": "minecraft:block/warped_trapdoor_bottom_south_2d",
      "y": 180
    },
    "facing=south,half=bottom,open=true": {
      "model": "minecraft:block/warped_trapdoor_open_upsidedown_2d",
      "y": 180
    },
    "facing=south,half=top,open=false": {
      "model": "minecraft:block/warped_trapdoor_top_south_2d",
      "y": 180
    },
    "facing=south,half=top,open=true": {
      "model": "minecraft:block/warped_trapdoor_open_2d",
      "x": 180,
      "y": 0
    },
    "facing=west,half=bottom,open=false": {
      "model": "minecraft:block/warped_trapdoor_bottom_west_2d",
      "y": 270
    },
    "facing=west,half=bottom,open=true": {
      "model": "minecraft:block/warped_trapdoor_open_upsidedown_2d",
      "y": 270
    },
    "facing=west,half=top,open=false": {
      "model": "minecraft:block/warped_trapdoor_top_west_2d",
      "y": 270
    },
    "facing=west,half=top,open=true": {
      "model": "minecraft:block/warped_trapdoor_open_2d",
      "x": 180,
      "y": 90
    }
  }
}