{
	"credit": "Made by StormDragon77",
	"textures": {
		"3": "block/acacia_door_sides_h",
		"particle": "block/acacia_door_top2",
		"top": "block/acacia_door_top2",
		"topright": "block/acacia_door_top",
		"side": "block/acacia_door_sides_v"
	},
	"elements": [
		{
			"from": [0, 1, 9],
			"to": [3, 13, 11],
			"faces": {
				"north": {"uv": [13, 3, 16, 15], "texture": "#side"},
				"east": {"uv": [5, 3, 7, 15], "texture": "#topright"},
				"south": {"uv": [13, 3, 16, 15], "texture": "#side"},
				"west": {"uv": [9, 3, 11, 15], "texture": "#top", "cullface": "west"}
			}
		},
		{
			"from": [0, 0, 0],
			"to": [3, 16, 3],
			"faces": {
				"north": {"uv": [13, 0, 16, 16], "texture": "#side", "cullface": "north"},
				"east": {"uv": [13, 0, 16, 16], "texture": "#topright"},
				"south": {"uv": [13, 0, 16, 16], "texture": "#side"},
				"west": {"uv": [0, 0, 3, 16], "texture": "#top", "cullface": "west"},
				"up": {"uv": [0, 0, 3, 3], "texture": "#3", "cullface": "up"},
				"down": {"uv": [0, 13, 3, 16], "texture": "#3"}
			}
		},
		{
			"from": [0, 0, 13],
			"to": [3, 16, 16],
			"faces": {
				"north": {"uv": [13, 0, 16, 16], "texture": "#side"},
				"east": {"uv": [0, 0, 3, 16], "texture": "#topright"},
				"south": {"uv": [3, 0, 6, 16], "texture": "#side"},
				"west": {"uv": [13, 0, 16, 16], "texture": "#top", "cullface": "west"},
				"up": {"uv": [0, 13, 3, 16], "texture": "#3", "cullface": "up"},
				"down": {"uv": [0, 0, 3, 3], "texture": "#3"}
			}
		},
		{
			"from": [0, 0, 3],
			"to": [3, 1, 13],
			"faces": {
				"east": {"uv": [3, 15, 13, 16], "texture": "#topright"},
				"west": {"uv": [3, 15, 13, 16], "texture": "#top", "cullface": "west"},
				"up": {"uv": [0, 3, 3, 13], "texture": "#3"},
				"down": {"uv": [0, 3, 3, 13], "texture": "#3"}
			}
		},
		{
			"from": [0, 13, 3],
			"to": [3, 16, 13],
			"faces": {
				"east": {"uv": [3, 0, 13, 3], "texture": "#topright"},
				"west": {"uv": [3, 0, 13, 3], "texture": "#top", "cullface": "west"},
				"up": {"uv": [0, 3, 3, 13], "texture": "#3", "cullface": "up"},
				"down": {"uv": [0, 3, 3, 13], "texture": "#3"}
			}
		},
		{
			"from": [0, 1, 5],
			"to": [3, 13, 7],
			"faces": {
				"north": {"uv": [13, 3, 16, 15], "texture": "#side"},
				"east": {"uv": [9, 3, 11, 15], "texture": "#topright"},
				"south": {"uv": [13, 3, 16, 15], "texture": "#side"},
				"west": {"uv": [5, 3, 7, 15], "texture": "#top", "cullface": "west"}
			}
		}
	]
}