{
	"credit": "Made by StormDragon77",
	"textures": {
		"3": "block/acacia_door_sides_h",
		"particle": "block/acacia_door_bottom2",
		"bottom": "block/acacia_door_bottom2",
		"bottomright": "block/acacia_door_bottom",
		"side": "block/acacia_door_sides_v"
	},
	"elements": [
		{
			"from": [0, 3, 9],
			"to": [3, 15, 11],
			"faces": {
				"north": {"uv": [10, 1, 13, 13], "texture": "#side"},
				"east": {"uv": [5, 1, 7, 13], "texture": "#bottomright"},
				"south": {"uv": [10, 2, 13, 14], "texture": "#side"},
				"west": {"uv": [9, 1, 11, 13], "texture": "#bottom", "cullface": "west"}
			}
		},
		{
			"from": [0, 0, 0],
			"to": [3, 16, 3],
			"faces": {
				"north": {"uv": [10, 0, 13, 16], "texture": "#side", "cullface": "north"},
				"east": {"uv": [13, 0, 16, 16], "texture": "#bottomright"},
				"south": {"uv": [10, 0, 13, 16], "texture": "#side"},
				"west": {"uv": [0, 0, 3, 16], "texture": "#bottom", "cullface": "west"},
				"up": {"uv": [0, 0, 3, 3], "texture": "#3"},
				"down": {"uv": [0, 13, 3, 16], "texture": "#3", "cullface": "down"}
			}
		},
		{
			"from": [0, 0, 13],
			"to": [3, 16, 16],
			"faces": {
				"north": {"uv": [10, 0, 13, 16], "texture": "#side"},
				"east": {"uv": [0, 0, 3, 16], "texture": "#bottomright"},
				"south": {"uv": [0, 0, 3, 16], "texture": "#side", "cullface": "south"},
				"west": {"uv": [13, 0, 16, 16], "texture": "#bottom", "cullface": "west"},
				"up": {"uv": [0, 13, 3, 16], "texture": "#3"},
				"down": {"uv": [0, 0, 3, 3], "texture": "#3", "cullface": "down"}
			}
		},
		{
			"from": [0, 0, 3],
			"to": [3, 3, 13],
			"faces": {
				"east": {"uv": [3, 13, 13, 16], "texture": "#bottomright"},
				"west": {"uv": [3, 13, 13, 16], "texture": "#bottom", "cullface": "west"},
				"up": {"uv": [0, 3, 3, 13], "texture": "#3"},
				"down": {"uv": [0, 3, 3, 13], "texture": "#3", "cullface": "down"}
			}
		},
		{
			"from": [0, 15, 3],
			"to": [3, 16, 13],
			"faces": {
				"east": {"uv": [3, 0, 13, 1], "texture": "#bottomright"},
				"west": {"uv": [3, 0, 13, 1], "texture": "#bottom", "cullface": "west"},
				"up": {"uv": [0, 3, 3, 13], "texture": "#3"},
				"down": {"uv": [0, 3, 3, 13], "texture": "#3"}
			}
		},
		{
			"from": [0, 3, 5],
			"to": [3, 15, 7],
			"faces": {
				"north": {"uv": [10, 1, 13, 13], "texture": "#side"},
				"east": {"uv": [9, 1, 11, 13], "texture": "#bottomright"},
				"south": {"uv": [10, 2, 13, 14], "texture": "#side"},
				"west": {"uv": [5, 1, 7, 13], "texture": "#bottom", "cullface": "west"}
			}
		}
	]
}