{
	"credit": "Made by StormDragon77",
	"textures": {
		"3": "block/barrel_inside",
		"4": "block/barrel_bottom",
		"5": "block/barrel_bottom_inside",
		"particle": "block/barrel_side",
		"side": "block/barrel_side",
		"top": "block/barrel_top_open"
	},
	"elements": [
		{
			"from": [0, 2, 0],
			"to": [2, 16, 16],
			"faces": {
				"north": {"uv": [14, 0, 16, 14], "texture": "#side", "cullface": "north"},
				"east": {"uv": [0, 0, 16, 14], "texture": "#3", "cullface": "up"},
				"south": {"uv": [16, 0, 14, 14], "texture": "#side", "cullface": "south"},
				"west": {"uv": [16, 0, 0, 14], "texture": "#side", "cullface": "west"},
				"up": {"uv": [0, 0, 2, 16], "texture": "#top", "cullface": "up"}
			}
		},
		{
			"from": [0, 0, 0],
			"to": [16, 2, 16],
			"faces": {
				"north": {"uv": [0, 14, 16, 16], "texture": "#side"},
				"east": {"uv": [0, 14, 16, 16], "texture": "#side"},
				"south": {"uv": [16, 14, 0, 16], "texture": "#side"},
				"west": {"uv": [16, 14, 0, 16], "texture": "#side"},
				"up": {"uv": [0, 0, 16, 16], "texture": "#5", "cullface": "up"},
				"down": {"uv": [0, 0, 16, 16], "texture": "#4"}
			}
		},
		{
			"from": [14, 2, 0],
			"to": [16, 16, 16],
			"faces": {
				"north": {"uv": [0, 0, 2, 14], "texture": "#side", "cullface": "north"},
				"east": {"uv": [0, 0, 16, 14], "texture": "#side", "cullface": "east"},
				"south": {"uv": [2, 0, 0, 14], "texture": "#side", "cullface": "south"},
				"west": {"uv": [16, 0, 0, 14], "texture": "#3", "cullface": "up"},
				"up": {"uv": [14, 0, 16, 16], "texture": "#top", "cullface": "up"}
			}
		},
		{
			"from": [2, 2, 0],
			"to": [14, 16, 2],
			"faces": {
				"north": {"uv": [2, 0, 14, 14], "texture": "#side", "cullface": "north"},
				"south": {"uv": [14, 0, 2, 14], "texture": "#3", "cullface": "up"},
				"up": {"uv": [2, 0, 14, 2], "texture": "#top", "cullface": "up"}
			}
		},
		{
			"from": [2, 2, 14],
			"to": [14, 16, 16],
			"faces": {
				"north": {"uv": [2, 0, 14, 14], "texture": "#3", "cullface": "up"},
				"south": {"uv": [14, 0, 2, 14], "texture": "#side", "cullface": "south"},
				"up": {"uv": [2, 14, 14, 16], "texture": "#top", "cullface": "up"}
			}
		}
	]
}