{
	"credit": "Made by StormDragon77",
	"parent": "block/block",
	"textures": {
		"4": "block/big_dripleaf_stem_ptilt2",
		"particle": "block/big_dripleaf_top",
		"1_stem": "block/big_dripleaf_stem_ptilt1",
		"2_top": "block/big_dripleaf_top",
		"2_side": "block/big_dripleaf_side",
		"2_tip": "block/big_dripleaf_tip"
	},
	"elements": [
		{
			"from": [0, 0, 12],
			"to": [16, 16, 12],
			"shade": false,
			"rotation": {"angle": 45, "axis": "y", "origin": [8, 8, 12]},
			"faces": {
				"north": {"uv": [0, 0, 16, 16], "texture": "#1_stem"},
				"south": {"uv": [0, 0, 16, 16], "texture": "#4"}
			}
		},
		{
			"from": [0, 0, 12],
			"to": [16, 16, 12],
			"shade": false,
			"rotation": {"angle": -45, "axis": "y", "origin": [8, 8, 12]},
			"faces": {
				"north": {"uv": [0, 0, 16, 16], "texture": "#4"},
				"south": {"uv": [0, 0, 16, 16], "texture": "#1_stem"}
			}
		},
		{
			"from": [0, 12.25, 0],
			"to": [16, 16.25, 16],
			"shade": false,
			"rotation": {"angle": -22.5, "axis": "x", "origin": [8, 15, 16]},
			"faces": {
				"north": {"uv": [0, 0, 16, 4], "texture": "#2_tip"},
				"east": {"uv": [16, 0, 0, 4], "texture": "#2_side"},
				"west": {"uv": [0, 0, 16, 4], "texture": "#2_side"},
				"up": {"uv": [0, 0, 16, 16], "texture": "#2_top"}
			}
		},
		{
			"from": [0, 16.25, 0],
			"to": [16, 12.25, 16],
			"shade": false,
			"rotation": {"angle": -22.5, "axis": "x", "origin": [8, 15, 16]},
			"faces": {
				"north": {"uv": [0, 4, 16, 0], "texture": "#2_tip"},
				"east": {"uv": [16, 4, 0, 0], "texture": "#2_side"},
				"west": {"uv": [0, 4, 16, 0], "texture": "#2_side"},
				"down": {"uv": [16, 0, 0, 16], "rotation": 180, "texture": "#2_top"}
			}
		}
	]
}