{
	"credit": "Made by StormDragon77",
	"parent": "block/block",
	"textures": {
		"3": "block/big_dripleaf_stem_top",
		"particle": "block/big_dripleaf_top",
		"1_top": "block/big_dripleaf_top",
		"1_side": "block/big_dripleaf_side",
		"1_tip": "block/big_dripleaf_tip"
	},
	"elements": [
		{
			"from": [0, 0, 12],
			"to": [16, 16, 12],
			"shade": false,
			"rotation": {"angle": -45, "axis": "y", "origin": [8, 8, 12]},
			"faces": {
				"north": {"uv": [0, 0, 16, 16], "texture": "#3"},
				"east": {"uv": [0, 0, 0, 0], "texture": "#3"},
				"south": {"uv": [0, 0, 16, 16], "texture": "#3"},
				"west": {"uv": [0, 0, 0, 0], "texture": "#3"},
				"up": {"uv": [0, 0, 0, 0], "texture": "#3"},
				"down": {"uv": [0, 0, 0, 0], "texture": "#3"}
			}
		},
		{
			"from": [0, 11.1, 0],
			"to": [16, 15.1, 16],
			"shade": false,
			"faces": {
				"north": {"uv": [0, 0, 16, 4], "texture": "#1_tip"},
				"east": {"uv": [0, 0, 16, 4], "texture": "#1_side"},
				"west": {"uv": [0, 0, 16, 4], "texture": "#1_side"},
				"up": {"uv": [0, 0, 16, 16], "texture": "#1_top"}
			}
		},
		{
			"from": [0, 15, 0],
			"to": [16, 11, 16],
			"shade": false,
			"faces": {
				"north": {"uv": [0, 4, 16, 0], "texture": "#1_tip"},
				"east": {"uv": [16, 4, 0, 0], "texture": "#1_side"},
				"west": {"uv": [0, 4, 16, 0], "texture": "#1_side"},
				"down": {"uv": [0, 16, 16, 0], "texture": "#1_top"}
			}
		},
		{
			"from": [0, 0, 12],
			"to": [16, 16, 12],
			"shade": false,
			"rotation": {"angle": 45, "axis": "y", "origin": [8, 8, 12]},
			"faces": {
				"north": {"uv": [0, 0, 16, 16], "texture": "#3"},
				"east": {"uv": [0, 0, 0, 0], "texture": "#3"},
				"south": {"uv": [0, 0, 16, 16], "texture": "#3"},
				"west": {"uv": [0, 0, 0, 0], "texture": "#3"},
				"up": {"uv": [0, 0, 0, 0], "texture": "#3"},
				"down": {"uv": [0, 0, 0, 0], "texture": "#3"}
			}
		}
	]
}