{
	"credit": "Made by StormDragon77",
	"textures": {
		"2": "block/birch_trapdoor_sides",
		"3": "block/birch_trapdoor",
		"particle": "block/birch_trapdoor"
	},
	"elements": [
		{
			"from": [0, 0, 0],
			"to": [3, 3, 16],
			"faces": {
				"north": {"uv": [13, 0, 16, 3], "texture": "#2", "cullface": "north"},
				"east": {"uv": [0, 0, 16, 3], "texture": "#2"},
				"south": {"uv": [0, 0, 3, 3], "texture": "#2", "cullface": "south"},
				"west": {"uv": [0, 0, 16, 3], "texture": "#2", "cullface": "west"},
				"up": {"uv": [0, 0, 3, 16], "texture": "#3"},
				"down": {"uv": [0, 16, 3, 0], "texture": "#3", "cullface": "down"}
			}
		},
		{
			"from": [13, 0, 0],
			"to": [16, 3, 16],
			"faces": {
				"north": {"uv": [0, 0, 3, 3], "texture": "#2", "cullface": "north"},
				"east": {"uv": [0, 0, 16, 3], "texture": "#2", "cullface": "east"},
				"south": {"uv": [13, 0, 16, 3], "texture": "#2", "cullface": "south"},
				"west": {"uv": [0, 0, 16, 3], "texture": "#2"},
				"up": {"uv": [13, 0, 16, 16], "texture": "#3"},
				"down": {"uv": [13, 16, 16, 0], "texture": "#3", "cullface": "down"}
			}
		},
		{
			"from": [3, 0, 0],
			"to": [13, 3, 3],
			"faces": {
				"north": {"uv": [3, 0, 13, 3], "texture": "#2", "cullface": "north"},
				"south": {"uv": [3, 0, 13, 3], "texture": "#2"},
				"up": {"uv": [3, 0, 13, 3], "texture": "#3"},
				"down": {"uv": [3, 3, 13, 0], "texture": "#3", "cullface": "down"}
			}
		},
		{
			"from": [3, 0, 13],
			"to": [13, 3, 16],
			"faces": {
				"north": {"uv": [13, 0, 3, 3], "texture": "#2"},
				"south": {"uv": [3, 0, 13, 3], "texture": "#2", "cullface": "south"},
				"up": {"uv": [3, 13, 13, 16], "texture": "#3"},
				"down": {"uv": [3, 16, 13, 13], "texture": "#3", "cullface": "down"}
			}
		},
		{
			"from": [3, 1, 3],
			"to": [13, 2, 13],
			"faces": {
				"up": {"uv": [3, 3, 13, 13], "texture": "#3"},
				"down": {"uv": [3, 13, 13, 3], "texture": "#3", "cullface": "down"}
			}
		}
	],
	"display": {
		"thirdperson_righthand": {
			"rotation": [75, 45, 0],
			"translation": [0, 2.5, 2],
			"scale": [0.375, 0.375, 0.375]
		},
		"firstperson_righthand": {
			"rotation": [0, 45, 0],
			"translation": [0, 4.2, 0],
			"scale": [0.4, 0.4, 0.4]
		},
		"firstperson_lefthand": {
			"rotation": [0, 225, 0],
			"translation": [0, 4.2, 0],
			"scale": [0.4, 0.4, 0.4]
		},
		"gui": {
			"rotation": [30, 45, 0],
			"translation": [0, 4, 0],
			"scale": [0.625, 0.625, 0.625]
		}
	}
}