{
	"credit": "Made by StormDragon77",
	"textures": {
		"3": "block/birch_door_sides_v",
		"4": "block/birch_door_bottom2",
		"5": "block/birch_door_bottom",
		"6": "block/birch_door_sides_h",
		"particle": "block/birch_door_bottom"
	},
	"elements": [
		{
			"from": [0, 0, 0],
			"to": [3, 12, 16],
			"faces": {
				"north": {"uv": [0, 4, 3, 16], "texture": "#3", "cullface": "north"},
				"east": {"uv": [0, 4, 16, 16], "texture": "#4"},
				"south": {"uv": [10, 4, 13, 16], "texture": "#3", "cullface": "south"},
				"west": {"uv": [0, 4, 16, 16], "texture": "#5", "cullface": "west"},
				"up": {"uv": [0, 0, 3, 16], "texture": "#6"},
				"down": {"uv": [0, 0, 3, 16], "texture": "#6", "cullface": "down"}
			}
		},
		{
			"from": [0, 12, 0],
			"to": [3, 16, 3],
			"faces": {
				"north": {"uv": [0, 0, 3, 4], "texture": "#3", "cullface": "north"},
				"east": {"uv": [13, 0, 16, 4], "texture": "#4"},
				"south": {"uv": [10, 0, 13, 4], "texture": "#3"},
				"west": {"uv": [0, 0, 3, 4], "texture": "#5", "cullface": "west"},
				"up": {"uv": [12, 0, 15, 3], "texture": "#6"}
			}
		},
		{
			"from": [0, 12, 13],
			"to": [3, 16, 16],
			"faces": {
				"north": {"uv": [10, 0, 13, 4], "texture": "#3"},
				"east": {"uv": [0, 0, 3, 4], "texture": "#4"},
				"south": {"uv": [10, 0, 13, 4], "texture": "#3", "cullface": "south"},
				"west": {"uv": [13, 0, 16, 4], "texture": "#5", "cullface": "west"},
				"up": {"uv": [12, 13, 15, 16], "texture": "#6"}
			}
		},
		{
			"from": [1, 12, 3],
			"to": [2, 16, 13],
			"faces": {
				"east": {"uv": [3, 0, 13, 4], "texture": "#4"},
				"west": {"uv": [3, 0, 13, 4], "texture": "#5", "cullface": "west"},
				"up": {"uv": [3, 0, 13, 1], "rotation": 90, "texture": "#5"}
			}
		}
	]
}