{
	"credit": "Made by StormDragon77",
	"textures": {
		"3": "block/birch_door_top",
		"4": "block/birch_door_sides_v",
		"5": "block/birch_door_top2",
		"6": "block/birch_door_sides_h",
		"particle": "block/birch_door_top"
	},
	"elements": [
		{
			"from": [0, 0, 0],
			"to": [3, 16, 3],
			"faces": {
				"north": {"uv": [3, 0, 6, 16], "texture": "#4", "cullface": "north"},
				"east": {"uv": [13, 0, 16, 16], "texture": "#5"},
				"south": {"uv": [13, 0, 16, 16], "texture": "#4"},
				"west": {"uv": [0, 0, 3, 16], "texture": "#3", "cullface": "west"},
				"up": {"uv": [0, 0, 3, 3], "texture": "#6", "cullface": "up"},
				"down": {"uv": [3, 13, 6, 16], "texture": "#6"}
			}
		},
		{
			"from": [0, 0, 13],
			"to": [3, 16, 16],
			"faces": {
				"north": {"uv": [13, 0, 16, 16], "texture": "#4"},
				"east": {"uv": [0, 0, 3, 16], "texture": "#5"},
				"south": {"uv": [13, 0, 16, 16], "texture": "#4", "cullface": "south"},
				"west": {"uv": [13, 0, 16, 16], "texture": "#3", "cullface": "west"},
				"up": {"uv": [0, 13, 3, 16], "texture": "#6", "cullface": "up"},
				"down": {"uv": [3, 0, 6, 3], "texture": "#6"}
			}
		},
		{
			"from": [0, 13, 3],
			"to": [3, 16, 13],
			"faces": {
				"east": {"uv": [3, 0, 13, 3], "texture": "#5"},
				"west": {"uv": [3, 0, 13, 3], "texture": "#3", "cullface": "west"},
				"up": {"uv": [0, 3, 3, 13], "texture": "#6", "cullface": "up"},
				"down": {"uv": [0, 3, 3, 13], "texture": "#6"}
			}
		},
		{
			"from": [1, 0, 3],
			"to": [2, 13, 13],
			"faces": {
				"east": {"uv": [3, 3, 13, 16], "texture": "#5"},
				"west": {"uv": [3, 3, 13, 16], "texture": "#3", "cullface": "west"},
				"down": {"uv": [3, 15, 13, 16], "rotation": 90, "texture": "#3"}
			}
		}
	]
}