{
	"credit": "Made by StormDragon77",
	"texture_size": [64, 64],
	"textures": {
		"1": "entity/bed/black",
		"particle": "block/black_bed_foot_particle"
	},
	"elements": [
		{
			"from": [0, 0, 0],
			"to": [3, 3, 3],
			"faces": {
				"north": {"uv": [12.5, 5.25, 13.25, 6], "texture": "#1"},
				"east": {"uv": [14.75, 5.25, 15.5, 6], "texture": "#1"},
				"south": {"uv": [14, 5.25, 14.75, 6], "texture": "#1"},
				"west": {"uv": [13.25, 5.25, 14, 6], "texture": "#1"},
				"down": {"uv": [14, 4.5, 14.75, 5.25], "texture": "#1"}
			}
		},
		{
			"from": [13, 0, 0],
			"to": [16, 3, 3],
			"faces": {
				"north": {"uv": [13.25, 5.25, 14, 6], "texture": "#1"},
				"east": {"uv": [12.5, 5.25, 13.25, 6], "texture": "#1"},
				"south": {"uv": [14.75, 5.25, 15.5, 6], "texture": "#1"},
				"west": {"uv": [14, 5.25, 14.75, 6], "texture": "#1"},
				"down": {"uv": [14, 4.5, 14.75, 5.25], "texture": "#1"}
			}
		},
		{
			"from": [0, 3, 0],
			"to": [16, 9, 16],
			"faces": {
				"north": {"uv": [5.5, 5.5, 9.5, 7], "rotation": 180, "texture": "#1"},
				"east": {"uv": [0, 7, 1.5, 11], "rotation": 270, "texture": "#1"},
				"west": {"uv": [5.5, 7, 7, 11], "rotation": 90, "texture": "#1"},
				"up": {"uv": [1.5, 7, 5.5, 11], "rotation": 180, "texture": "#1"},
				"down": {"uv": [7, 7, 11, 11], "texture": "#1"}
			}
		}
	]
}