{
	"credit": "Made by StormDragon77",
	"texture_size": [64, 64],
	"textures": {
		"1": "entity/bed/blue",
		"particle": "block/blue_bed_head_particle"
	},
	"elements": [
		{
			"from": [0, 0, 13],
			"to": [3, 3, 16],
			"faces": {
				"north": {"uv": [14.75, 5.25, 15.5, 6], "texture": "#1"},
				"east": {"uv": [14, 5.25, 14.75, 6], "texture": "#1"},
				"south": {"uv": [13.25, 5.25, 14, 6], "texture": "#1"},
				"west": {"uv": [12.5, 5.25, 13.25, 6], "texture": "#1"},
				"down": {"uv": [14, 4.5, 14.75, 5.25], "texture": "#1"}
			}
		},
		{
			"from": [13, 0, 13],
			"to": [16, 3, 16],
			"faces": {
				"north": {"uv": [14, 5.25, 14.75, 6], "texture": "#1"},
				"east": {"uv": [13.25, 5.25, 14, 6], "texture": "#1"},
				"south": {"uv": [12.5, 5.25, 13.25, 6], "texture": "#1"},
				"west": {"uv": [14.75, 5.25, 15.5, 6], "texture": "#1"},
				"down": {"uv": [14, 4.5, 14.75, 5.25], "texture": "#1"}
			}
		},
		{
			"from": [0, 3, 0],
			"to": [16, 9, 16],
			"faces": {
				"east": {"uv": [0, 1.5, 1.5, 5.5], "rotation": 270, "texture": "#1"},
				"south": {"uv": [1.5, 0, 5.5, 1.5], "rotation": 180, "texture": "#1"},
				"west": {"uv": [5.5, 1.5, 7, 5.5], "rotation": 90, "texture": "#1"},
				"up": {"uv": [1.5, 1.5, 5.5, 5.5], "rotation": 180, "texture": "#1"},
				"down": {"uv": [7, 1.5, 11, 5.5], "texture": "#1"}
			}
		},
		{
			"from": [2, 9, 8],
			"to": [14, 10, 15],
			"faces": {
				"north": {"uv": [3.25, 11, 6.25, 11.25], "texture": "#1"},
				"east": {"uv": [0, 11.25, 0.25, 13], "rotation": 270, "texture": "#1"},
				"south": {"uv": [0.25, 11, 3.25, 11.25], "texture": "#1"},
				"west": {"uv": [3.25, 11.25, 3.5, 13], "rotation": 90, "texture": "#1"},
				"up": {"uv": [0.25, 11.25, 3.25, 13], "texture": "#1"}
			}
		}
	]
}