{
	"credit": "Made by StormDragon77",
	"parent": "block/block",
	"textures": {
		"particle": "#texture"
	},
	"elements": [
		{
			"from": [5, 6, 6],
			"to": [11, 10, 10],
			"faces": {
				"north": {"uv": [0, 0, 6, 4], "texture": "#texture"},
				"east": {"uv": [2, 0, 6, 4], "texture": "#texture"},
				"south": {"uv": [0, 0, 6, 4], "texture": "#texture"},
				"west": {"uv": [2, 0, 6, 4], "texture": "#texture"},
				"up": {"uv": [0, 4, 6, 0], "texture": "#texture"},
				"down": {"uv": [0, 0, 6, 4], "texture": "#texture"}
			}
		}
	]
}