{
	"credit": "Made by StormDragon77",
	"textures": {
		"particle": "#texture"
	},
	"elements": [
		{
			"from": [4.97, 0, 5.97],
			"to": [11.03, 2, 10.03],
			"faces": {
				"north": {"uv": [0, 4, 6, 6], "texture": "#texture"},
				"east": {"uv": [6, 4, 10, 6], "texture": "#texture"},
				"south": {"uv": [0, 4, 6, 6], "texture": "#texture"},
				"west": {"uv": [6, 4, 10, 6], "texture": "#texture"},
				"up": {"uv": [0, 4, 6, 0], "texture": "#texture"},
				"down": {"uv": [0, 0, 6, 4], "texture": "#texture", "cullface": "down"}
			}
		}
	]
}