{
	"credit": "Made by StormDragon77",
	"parent": "block/block",
	"ambientocclusion": false,
	"textures": {
		"3": "block/cactus_prickles",
		"4": "block/cactus_prickles2",
		"7": "block/cactus_prickles3",
		"bottom": "block/cactus_bottom",
		"top": "block/cactus_top",
		"particle": "block/cactus_side",
		"side": "block/cactus_side"
	},
	"elements": [
		{
			"from": [0, 0, 0],
			"to": [16, 16, 16],
			"faces": {
				"up": {"uv": [0, 0, 16, 16], "texture": "#top", "cullface": "up"},
				"down": {"uv": [0, 0, 16, 16], "texture": "#bottom", "cullface": "down"}
			}
		},
		{
			"from": [0, 0, 1],
			"to": [16, 16, 15],
			"faces": {
				"north": {"uv": [0, 0, 16, 16], "texture": "#side"},
				"south": {"uv": [0, 0, 16, 16], "texture": "#side"}
			}
		},
		{
			"from": [1, 0, 0],
			"to": [15, 16, 16],
			"faces": {
				"east": {"uv": [0, 0, 16, 16], "texture": "#side"},
				"west": {"uv": [0, 0, 16, 16], "texture": "#side"}
			}
		},
		{
			"from": [0, 1, 4],
			"to": [16, 17, 4],
			"faces": {
				"north": {"uv": [0, 0, 16, 16], "texture": "#4"},
				"south": {"uv": [16, 0, 0, 16], "texture": "#4"}
			}
		},
		{
			"from": [0, 1, 12],
			"to": [16, 17, 12],
			"faces": {
				"north": {"uv": [0, 0, 16, 16], "texture": "#3"},
				"south": {"uv": [16, 0, 0, 16], "texture": "#3"}
			}
		},
		{
			"from": [0, 5, 8],
			"to": [16, 17, 8],
			"faces": {
				"north": {"uv": [0, 0, 16, 12], "texture": "#7"},
				"south": {"uv": [16, 0, 0, 12], "texture": "#7"}
			}
		},
		{
			"from": [4, 1, 0],
			"to": [4, 17, 16],
			"faces": {
				"east": {"uv": [0, 0, 16, 16], "texture": "#3"},
				"west": {"uv": [16, 0, 0, 16], "texture": "#3"}
			}
		},
		{
			"from": [12, 1, 0],
			"to": [12, 17, 16],
			"faces": {
				"east": {"uv": [0, 0, 16, 16], "texture": "#4"},
				"west": {"uv": [16, 0, 0, 16], "texture": "#4"}
			}
		},
		{
			"from": [8, 5, 0],
			"to": [8, 17, 16],
			"faces": {
				"east": {"uv": [0, 0, 16, 12], "texture": "#7"},
				"west": {"uv": [16, 0, 0, 12], "texture": "#7"}
			}
		}
	]
}