{
	"credit": "Made by StormDragon77",
	"ambientocclusion": false,
	"parent": "block/block",
	"texture_size": [16, 32],
	"textures": {
		"particle": "block/chain",
		"all": "block/chain"
	},
	"elements": [
		{
			"from": [6.5, 0, 8],
			"to": [9.5, 16, 8],
			"shade": false,
			"rotation": {"angle": 45, "axis": "y", "origin": [8, 8, 8]},
			"faces": {
				"north": {"uv": [3, 0, 0, 8], "texture": "#all"},
				"south": {"uv": [0, 0, 3, 8], "texture": "#all"}
			}
		},
		{
			"from": [8, -2, 6.5],
			"to": [8, 17, 9.5],
			"shade": false,
			"rotation": {"angle": 45, "axis": "y", "origin": [8, 8, 8]},
			"faces": {
				"east": {"uv": [3, 0, 6, 9.5], "texture": "#all"},
				"west": {"uv": [6, 0, 3, 9.5], "texture": "#all"}
			}
		}
	]
}