{
	"credit": "Made by StormDragon77",
	"textures": {
		"0": "block/cherry_trapdoor",
		"1": "block/cherry_trapdoor_sides",
		"particle": "block/cherry_trapdoor"
	},
	"elements": [
		{
			"from": [0, 0, 0],
			"to": [4, 3, 16],
			"faces": {
				"north": {"uv": [12, 0, 16, 3], "texture": "#1", "cullface": "north"},
				"east": {"uv": [0, 0, 16, 3], "texture": "#1"},
				"south": {"uv": [0, 0, 4, 3], "texture": "#1", "cullface": "south"},
				"west": {"uv": [0, 0, 16, 3], "texture": "#1", "cullface": "west"},
				"up": {"uv": [0, 0, 4, 16], "texture": "#0"},
				"down": {"uv": [0, 16, 4, 0], "texture": "#0", "cullface": "down"}
			}
		},
		{
			"from": [12, 0, 0],
			"to": [16, 3, 16],
			"faces": {
				"north": {"uv": [0, 0, 4, 3], "texture": "#1", "cullface": "north"},
				"east": {"uv": [0, 0, 16, 3], "texture": "#1", "cullface": "east"},
				"south": {"uv": [12, 0, 16, 3], "texture": "#1", "cullface": "south"},
				"west": {"uv": [0, 0, 16, 3], "texture": "#1"},
				"up": {"uv": [12, 0, 16, 16], "texture": "#0"},
				"down": {"uv": [12, 16, 16, 0], "texture": "#0", "cullface": "down"}
			}
		},
		{
			"from": [4, 0, 0],
			"to": [12, 3, 4],
			"faces": {
				"north": {"uv": [4, 0, 12, 3], "texture": "#1", "cullface": "north"},
				"south": {"uv": [4, 0, 12, 3], "texture": "#1"},
				"up": {"uv": [4, 0, 12, 4], "texture": "#0"},
				"down": {"uv": [4, 4, 12, 0], "texture": "#0", "cullface": "down"}
			}
		},
		{
			"from": [4, 0, 12],
			"to": [12, 3, 16],
			"faces": {
				"north": {"uv": [4, 0, 12, 3], "texture": "#1"},
				"south": {"uv": [4, 0, 12, 3], "texture": "#1", "cullface": "south"},
				"up": {"uv": [4, 12, 12, 16], "texture": "#0"},
				"down": {"uv": [4, 16, 12, 12], "texture": "#0", "cullface": "down"}
			}
		},
		{
			"from": [4, 1, 4],
			"to": [12, 2, 12],
			"faces": {
				"up": {"uv": [4, 4, 12, 12], "texture": "#0"},
				"down": {"uv": [4, 12, 12, 4], "texture": "#0", "cullface": "down"}
			}
		}
	],
	"display": {
		"thirdperson_righthand": {
			"rotation": [75, 45, 0],
			"translation": [0, 2.5, 2],
			"scale": [0.375, 0.375, 0.375]
		},
		"firstperson_righthand": {
			"rotation": [0, 45, 0],
			"translation": [0, 4.2, 0],
			"scale": [0.4, 0.4, 0.4]
		},
		"firstperson_lefthand": {
			"rotation": [0, 225, 0],
			"translation": [0, 4.2, 0],
			"scale": [0.4, 0.4, 0.4]
		},
		"gui": {
			"rotation": [30, 45, 0],
			"translation": [0, 4, 0],
			"scale": [0.625, 0.625, 0.625]
		}
	}
}