{
	"credit": "Made by StormDragon77",
	"textures": {
		"1": "block/cherry_door_top",
		"3": "block/cherry_door_top2",
		"4": "block/cherry_door_sides_v",
		"5": "block/cherry_door_sides_h",
		"particle": "block/cherry_door_top"
	},
	"elements": [
		{
			"from": [0, 12, 0],
			"to": [3, 16, 16],
			"faces": {
				"north": {"uv": [3, 0, 6, 4], "texture": "#4", "cullface": "north"},
				"east": {"uv": [0, 0, 16, 4], "texture": "#3"},
				"south": {"uv": [13, 0, 16, 4], "texture": "#4", "cullface": "south"},
				"west": {"uv": [0, 0, 16, 4], "texture": "#1", "cullface": "west"},
				"up": {"uv": [3, 16, 0, 0], "rotation": 180, "texture": "#5", "cullface": "up"},
				"down": {"uv": [0, 0, 3, 16], "texture": "#5"}
			}
		},
		{
			"from": [0, 0, 0],
			"to": [3, 12, 4],
			"faces": {
				"north": {"uv": [3, 4, 6, 16], "texture": "#4", "cullface": "north"},
				"east": {"uv": [12, 4, 16, 16], "texture": "#3"},
				"south": {"uv": [13, 4, 16, 16], "rotation": 180, "texture": "#4"},
				"west": {"uv": [0, 4, 4, 16], "texture": "#1", "cullface": "west"},
				"down": {"uv": [3, 16, 0, 13], "rotation": 180, "texture": "#5", "cullface": "down"}
			}
		},
		{
			"from": [0, 0, 12],
			"to": [3, 12, 16],
			"faces": {
				"north": {"uv": [13, 4, 16, 16], "texture": "#4"},
				"east": {"uv": [0, 4, 4, 16], "texture": "#3"},
				"south": {"uv": [13, 4, 16, 16], "texture": "#4", "cullface": "south"},
				"west": {"uv": [12, 4, 16, 16], "texture": "#1", "cullface": "west"},
				"down": {"uv": [3, 3, 0, 0], "rotation": 180, "texture": "#5", "cullface": "down"}
			}
		},
		{
			"from": [1, 0, 4],
			"to": [2, 12, 12],
			"faces": {
				"east": {"uv": [4, 4, 12, 16], "texture": "#3"},
				"west": {"uv": [4, 4, 12, 16], "texture": "#1", "cullface": "west"}
			}
		}
	]
}