{
	"credit": "Made by StormDragon77",
	"textures": {
		"1": "block/cherry_door_bottom",
		"3": "block/cherry_door_bottom2",
		"4": "block/cherry_door_sides_v",
		"5": "block/cherry_door_sides_h",
		"particle": "block/cherry_door_bottom"
	},
	"elements": [
		{
			"from": [0, 0, 0],
			"to": [3, 15, 16],
			"faces": {
				"north": {"uv": [0, 1, 3, 16], "texture": "#4", "cullface": "north"},
				"east": {"uv": [0, 1, 16, 16], "texture": "#3"},
				"south": {"uv": [10, 1, 13, 16], "texture": "#4", "cullface": "south"},
				"west": {"uv": [0, 1, 16, 16], "texture": "#1", "cullface": "west"},
				"up": {"uv": [0, 0, 3, 16], "texture": "#5"},
				"down": {"uv": [0, 0, 3, 16], "texture": "#5", "cullface": "down"}
			}
		},
		{
			"from": [0, 15, 0],
			"to": [3, 16, 4],
			"faces": {
				"north": {"uv": [0, 0, 3, 1], "texture": "#4", "cullface": "north"},
				"east": {"uv": [12, 0, 16, 1], "texture": "#3"},
				"south": {"uv": [10, 0, 13, 1], "texture": "#4"},
				"west": {"uv": [0, 0, 4, 1], "texture": "#1", "cullface": "west"},
				"up": {"uv": [6, 0, 9, 3], "texture": "#5", "cullface": "up"}
			}
		},
		{
			"from": [0, 15, 12],
			"to": [3, 16, 16],
			"faces": {
				"north": {"uv": [10, 0, 13, 1], "texture": "#4"},
				"east": {"uv": [0, 0, 4, 1], "texture": "#3"},
				"south": {"uv": [10, 0, 13, 1], "texture": "#4", "cullface": "south"},
				"west": {"uv": [12, 0, 16, 1], "texture": "#1", "cullface": "west"},
				"up": {"uv": [6, 13, 9, 16], "texture": "#5", "cullface": "up"}
			}
		},
		{
			"from": [1, 15, 4],
			"to": [2, 16, 12],
			"faces": {
				"east": {"uv": [4, 0, 12, 1], "texture": "#3"},
				"west": {"uv": [4, 0, 12, 1], "texture": "#1", "cullface": "west"}
			}
		}
	]
}