{
	"credit": "Made by StormDragon77",
	"textures": {
		"0": "block/brown_mushroom_tiny",
		"1": "block/brown_mushroom_bottom_tiny",
		"2": "block/brown_mushroom_top_tiny",
		"particle": "block/brown_mushroom_tiny"
	},
	"elements": [
		{
			"from": [5, 3, 5],
			"to": [11, 5, 11],
			"rotation": {"angle": -22.5, "axis": "y", "origin": [8, 0, 8]},
			"faces": {
				"north": {"uv": [5, 11, 11, 13], "texture": "#0"},
				"east": {"uv": [5, 11, 11, 13], "texture": "#0"},
				"south": {"uv": [5, 11, 11, 13], "texture": "#0"},
				"west": {"uv": [5, 11, 11, 13], "texture": "#0"},
				"up": {"uv": [5, 5, 11, 11], "texture": "#2"},
				"down": {"uv": [5, 5, 11, 11], "texture": "#1"}
			}
		},
		{
			"from": [7, 0, 7],
			"to": [9, 3, 9],
			"rotation": {"angle": -22.5, "axis": "y", "origin": [8, 0, 8]},
			"faces": {
				"north": {"uv": [7, 13, 9, 16], "texture": "#0"},
				"east": {"uv": [7, 13, 9, 16], "texture": "#0"},
				"south": {"uv": [7, 13, 9, 16], "texture": "#0"},
				"west": {"uv": [7, 13, 9, 16], "texture": "#0"},
				"down": {"uv": [7, 14, 9, 16], "texture": "#0", "cullface": "down"}
			}
		}
	]
}