{
	"credit": "Made by StormDragon77",
	"textures": {
		"5": "block/brown_mushroom_tiny",
		"6": "block/brown_mushroom_top_tiny",
		"7": "block/brown_mushroom_bottom_tiny"
	},
	"elements": [
		{
			"from": [0, 3, 3],
			"to": [6, 5, 9],
			"rotation": {"angle": -22.5, "axis": "y", "origin": [8, 0, 8]},
			"faces": {
				"north": {"uv": [5, 11, 11, 13], "texture": "#5"},
				"east": {"uv": [5, 11, 11, 13], "texture": "#5"},
				"south": {"uv": [5, 11, 11, 13], "texture": "#5"},
				"west": {"uv": [5, 11, 11, 13], "texture": "#5"},
				"up": {"uv": [5, 5, 11, 11], "rotation": 90, "texture": "#6"},
				"down": {"uv": [5, 5, 11, 11], "rotation": 270, "texture": "#7"}
			}
		},
		{
			"from": [2, 0, 5],
			"to": [4, 3, 7],
			"rotation": {"angle": -22.5, "axis": "y", "origin": [8, 0, 8]},
			"faces": {
				"north": {"uv": [7, 13, 9, 16], "texture": "#5"},
				"east": {"uv": [7, 13, 9, 16], "texture": "#5"},
				"south": {"uv": [7, 13, 9, 16], "texture": "#5"},
				"west": {"uv": [7, 13, 9, 16], "texture": "#5"},
				"down": {"uv": [7, 14, 9, 16], "rotation": 270, "texture": "#5", "cullface": "down"}
			}
		},
		{
			"from": [1.25, 3, 7.75],
			"to": [7.25, 5, 13.75],
			"rotation": {"angle": 22.5, "axis": "y", "origin": [8, 0, 8]},
			"faces": {
				"north": {"uv": [5, 11, 11, 13], "texture": "#5"},
				"east": {"uv": [5, 11, 11, 13], "texture": "#5"},
				"south": {"uv": [5, 11, 11, 13], "texture": "#5"},
				"west": {"uv": [5, 11, 11, 13], "texture": "#5"},
				"up": {"uv": [5, 5, 11, 11], "rotation": 90, "texture": "#6"},
				"down": {"uv": [5, 5, 11, 11], "rotation": 270, "texture": "#7"}
			}
		},
		{
			"from": [3.25, 0, 9.75],
			"to": [5.25, 3, 11.75],
			"rotation": {"angle": 22.5, "axis": "y", "origin": [8, 0, 8]},
			"faces": {
				"north": {"uv": [7, 13, 9, 16], "texture": "#5"},
				"east": {"uv": [7, 13, 9, 16], "texture": "#5"},
				"south": {"uv": [7, 13, 9, 16], "texture": "#5"},
				"west": {"uv": [7, 13, 9, 16], "texture": "#5"},
				"down": {"uv": [7, 14, 9, 16], "rotation": 270, "texture": "#5", "cullface": "down"}
			}
		},
		{
			"from": [7, 3, 2],
			"to": [13, 5, 8],
			"rotation": {"angle": -45, "axis": "y", "origin": [8, 0, 8]},
			"faces": {
				"north": {"uv": [5, 11, 11, 13], "texture": "#5"},
				"east": {"uv": [5, 11, 11, 13], "texture": "#5"},
				"south": {"uv": [5, 11, 11, 13], "texture": "#5"},
				"west": {"uv": [5, 11, 11, 13], "texture": "#5"},
				"up": {"uv": [5, 5, 11, 11], "rotation": 180, "texture": "#6"},
				"down": {"uv": [5, 5, 11, 11], "rotation": 180, "texture": "#7"}
			}
		},
		{
			"from": [9, 0, 4],
			"to": [11, 3, 6],
			"rotation": {"angle": -45, "axis": "y", "origin": [8, 0, 8]},
			"faces": {
				"north": {"uv": [7, 13, 9, 16], "texture": "#5"},
				"east": {"uv": [7, 13, 9, 16], "texture": "#5"},
				"south": {"uv": [7, 13, 9, 16], "texture": "#5"},
				"west": {"uv": [7, 13, 9, 16], "texture": "#5"},
				"down": {"uv": [7, 14, 9, 16], "rotation": 180, "texture": "#5", "cullface": "down"}
			}
		}
	]
}