{
	"credit": "Made by StormDragon77",
	"textures": {
		"2": "block/brown_mushroom_top",
		"3": "block/brown_mushroom",
		"4": "block/brown_mushroom_bottom",
		"particle": "block/brown_mushroom"
	},
	"elements": [
		{
			"from": [3, 5, 3],
			"to": [13, 8, 13],
			"rotation": {"angle": 22.5, "axis": "y", "origin": [8, 0, 8]},
			"faces": {
				"north": {"uv": [3, 8, 13, 11], "texture": "#3"},
				"east": {"uv": [3, 8, 13, 11], "texture": "#3"},
				"south": {"uv": [3, 8, 13, 11], "texture": "#3"},
				"west": {"uv": [3, 8, 13, 11], "texture": "#3"},
				"up": {"uv": [3, 3, 13, 13], "texture": "#2"},
				"down": {"uv": [3, 3, 13, 13], "texture": "#4"}
			}
		},
		{
			"from": [7, 0, 7],
			"to": [9, 5, 9],
			"rotation": {"angle": 22.5, "axis": "y", "origin": [8, 0, 8]},
			"faces": {
				"north": {"uv": [7, 11, 9, 16], "texture": "#3"},
				"east": {"uv": [7, 11, 9, 16], "texture": "#3"},
				"south": {"uv": [7, 11, 9, 16], "texture": "#3"},
				"west": {"uv": [7, 11, 9, 16], "texture": "#3"},
				"down": {"uv": [7, 14, 9, 16], "texture": "#3", "cullface": "down"}
			}
		}
	]
}