{
	"credit": "Made by StormDragon77",
	"textures": {
		"2": "block/brown_mushroom_top",
		"3": "block/brown_mushroom",
		"4": "block/brown_mushroom_bottom",
		"5": "block/brown_mushroom_tiny",
		"6": "block/brown_mushroom_bottom_tiny",
		"7": "block/brown_mushroom_top_tiny",
		"particle": "block/brown_mushroom"
	},
	"elements": [
		{
			"from": [4.5, 5, 3.75],
			"to": [14.5, 8, 13.75],
			"rotation": {"angle": -22.5, "axis": "y", "origin": [8, 0, 8]},
			"faces": {
				"north": {"uv": [3, 8, 13, 11], "texture": "#3"},
				"east": {"uv": [3, 8, 13, 11], "texture": "#3"},
				"south": {"uv": [3, 8, 13, 11], "texture": "#3"},
				"west": {"uv": [3, 8, 13, 11], "texture": "#3"},
				"up": {"uv": [3, 3, 13, 13], "rotation": 90, "texture": "#2"},
				"down": {"uv": [3, 3, 13, 13], "rotation": 270, "texture": "#4"}
			}
		},
		{
			"from": [8.5, 0, 7.75],
			"to": [10.5, 5, 9.75],
			"rotation": {"angle": -22.5, "axis": "y", "origin": [8, 0, 8]},
			"faces": {
				"north": {"uv": [7, 11, 9, 16], "texture": "#3"},
				"east": {"uv": [7, 11, 9, 16], "texture": "#3"},
				"south": {"uv": [7, 11, 9, 16], "texture": "#3"},
				"west": {"uv": [7, 11, 9, 16], "texture": "#3"},
				"down": {"uv": [7, 14, 9, 16], "texture": "#3", "cullface": "down"}
			}
		},
		{
			"from": [5, 0, 2],
			"to": [7, 3, 4],
			"rotation": {"angle": 22.5, "axis": "y", "origin": [8, 0, 8]},
			"faces": {
				"north": {"uv": [7, 13, 9, 16], "texture": "#5"},
				"east": {"uv": [7, 13, 9, 16], "texture": "#5"},
				"south": {"uv": [7, 13, 9, 16], "texture": "#5"},
				"west": {"uv": [7, 13, 9, 16], "texture": "#5"},
				"down": {"uv": [7, 14, 9, 16], "texture": "#5", "cullface": "down"}
			}
		},
		{
			"from": [3, 3, 0],
			"to": [9, 5, 6],
			"rotation": {"angle": 22.5, "axis": "y", "origin": [8, 0, 8]},
			"faces": {
				"north": {"uv": [5, 11, 11, 13], "texture": "#5"},
				"east": {"uv": [5, 11, 11, 13], "texture": "#5"},
				"south": {"uv": [5, 11, 11, 13], "texture": "#5"},
				"west": {"uv": [5, 11, 11, 13], "texture": "#5"},
				"up": {"uv": [5, 5, 11, 11], "texture": "#7"},
				"down": {"uv": [5, 5, 11, 11], "texture": "#6"}
			}
		}
	]
}