{
	"credit": "Made by StormDragon77",
	"textures": {
		"2": "block/brown_mushroom_top_mid",
		"3": "block/brown_mushroom_mid",
		"4": "block/brown_mushroom_bottom_mid",
		"5": "block/brown_mushroom_tiny",
		"6": "block/brown_mushroom_top_tiny",
		"7": "block/brown_mushroom_bottom_tiny",
		"particle": "block/brown_mushroom_mid"
	},
	"elements": [
		{
			"from": [1, 4, 5.5],
			"to": [9, 7, 13.5],
			"rotation": {"angle": 22.5, "axis": "y", "origin": [8, 0, 8]},
			"faces": {
				"north": {"uv": [4, 9, 12, 12], "texture": "#3"},
				"east": {"uv": [4, 9, 12, 12], "texture": "#3"},
				"south": {"uv": [4, 9, 12, 12], "texture": "#3"},
				"west": {"uv": [4, 9, 12, 12], "texture": "#3"},
				"up": {"uv": [4, 4, 12, 12], "texture": "#2"},
				"down": {"uv": [4, 4, 12, 12], "texture": "#4"}
			}
		},
		{
			"from": [4, 0, 8.5],
			"to": [6, 4, 10.5],
			"rotation": {"angle": 22.5, "axis": "y", "origin": [8, 0, 8]},
			"faces": {
				"north": {"uv": [7, 12, 9, 16], "texture": "#3"},
				"east": {"uv": [7, 12, 9, 16], "texture": "#3"},
				"south": {"uv": [7, 12, 9, 16], "texture": "#3"},
				"west": {"uv": [7, 12, 9, 16], "texture": "#3"},
				"down": {"uv": [7, 14, 9, 16], "texture": "#3", "cullface": "down"}
			}
		},
		{
			"from": [5, 3, 0],
			"to": [11, 5, 6],
			"rotation": {"angle": -45, "axis": "y", "origin": [8, 0, 8]},
			"faces": {
				"north": {"uv": [5, 11, 11, 13], "texture": "#5"},
				"east": {"uv": [5, 11, 11, 13], "texture": "#5"},
				"south": {"uv": [5, 11, 11, 13], "texture": "#5"},
				"west": {"uv": [5, 11, 11, 13], "texture": "#5"},
				"up": {"uv": [5, 5, 11, 11], "texture": "#6"},
				"down": {"uv": [5, 5, 11, 11], "texture": "#7"}
			}
		},
		{
			"from": [7, 0, 2],
			"to": [9, 3, 4],
			"rotation": {"angle": -45, "axis": "y", "origin": [8, 0, 8]},
			"faces": {
				"north": {"uv": [7, 13, 9, 16], "texture": "#5"},
				"east": {"uv": [7, 13, 9, 16], "texture": "#5"},
				"south": {"uv": [7, 13, 9, 16], "texture": "#5"},
				"west": {"uv": [7, 13, 9, 16], "texture": "#5"},
				"down": {"uv": [7, 14, 9, 16], "texture": "#5", "cullface": "down"}
			}
		}
	]
}