{
	"credit": "Made by StormDragon77",
	"textures": {
		"2": "block/brown_mushroom_top_mid",
		"3": "block/brown_mushroom_mid",
		"4": "block/brown_mushroom_bottom_mid",
		"particle": "block/brown_mushroom_mid"
	},
	"elements": [
		{
			"from": [4, 4, 4],
			"to": [12, 7, 12],
			"rotation": {"angle": -22.5, "axis": "y", "origin": [8, 0, 8]},
			"faces": {
				"north": {"uv": [4, 9, 12, 12], "texture": "#3"},
				"east": {"uv": [4, 9, 12, 12], "texture": "#3"},
				"south": {"uv": [4, 9, 12, 12], "texture": "#3"},
				"west": {"uv": [4, 9, 12, 12], "texture": "#3"},
				"up": {"uv": [4, 4, 12, 12], "texture": "#2"},
				"down": {"uv": [4, 4, 12, 12], "texture": "#4"}
			}
		},
		{
			"from": [7, 0, 7],
			"to": [9, 4, 9],
			"rotation": {"angle": -22.5, "axis": "y", "origin": [8, 0, 8]},
			"faces": {
				"north": {"uv": [7, 12, 9, 16], "texture": "#3"},
				"east": {"uv": [7, 12, 9, 16], "texture": "#3"},
				"south": {"uv": [7, 12, 9, 16], "texture": "#3"},
				"west": {"uv": [7, 12, 9, 16], "texture": "#3"}
			}
		},
		{
			"from": [7, -2, 7],
			"to": [9, 0, 9],
			"rotation": {"angle": -22.5, "axis": "y", "origin": [8, 0, 8]},
			"faces": {
				"north": {"uv": [7, 16, 9, 14], "texture": "#3", "cullface": "down"},
				"east": {"uv": [7, 16, 9, 14], "texture": "#3", "cullface": "down"},
				"south": {"uv": [7, 16, 9, 14], "texture": "#3", "cullface": "down"},
				"west": {"uv": [7, 16, 9, 14], "texture": "#3", "cullface": "down"}
			}
		}
	]
}