{
	"credit": "Made by StormDragon77",
	"textures": {
		"5": "block/brown_mushroom_tiny",
		"6": "block/brown_mushroom_top_tiny",
		"7": "block/brown_mushroom_bottom_tiny"
	},
	"elements": [
		{
			"from": [5, 3, 9],
			"to": [11, 5, 15],
			"rotation": {"angle": -22.5, "axis": "y", "origin": [7, 0, 8]},
			"faces": {
				"north": {"uv": [5, 11, 11, 13], "texture": "#5"},
				"east": {"uv": [5, 11, 11, 13], "texture": "#5"},
				"south": {"uv": [5, 11, 11, 13], "texture": "#5"},
				"west": {"uv": [5, 11, 11, 13], "texture": "#5"},
				"up": {"uv": [5, 5, 11, 11], "texture": "#6"},
				"down": {"uv": [5, 5, 11, 11], "texture": "#7"}
			}
		},
		{
			"from": [7, 0, 11],
			"to": [9, 3, 13],
			"rotation": {"angle": -22.5, "axis": "y", "origin": [7, 0, 8]},
			"faces": {
				"north": {"uv": [7, 13, 9, 16], "texture": "#5"},
				"east": {"uv": [7, 13, 9, 16], "texture": "#5"},
				"south": {"uv": [7, 13, 9, 16], "texture": "#5"},
				"west": {"uv": [7, 13, 9, 16], "texture": "#5"},
				"down": {"uv": [7, 14, 9, 16], "texture": "#5", "cullface": "down"}
			}
		},
		{
			"from": [8, 3, 3],
			"to": [14, 5, 9],
			"rotation": {"angle": 22.5, "axis": "y", "origin": [7, 0, 8]},
			"faces": {
				"north": {"uv": [5, 11, 11, 13], "texture": "#5"},
				"east": {"uv": [5, 11, 11, 13], "texture": "#5"},
				"south": {"uv": [5, 11, 11, 13], "texture": "#5"},
				"west": {"uv": [5, 11, 11, 13], "texture": "#5"},
				"up": {"uv": [5, 5, 11, 11], "rotation": 270, "texture": "#6"},
				"down": {"uv": [5, 5, 11, 11], "rotation": 90, "texture": "#7"}
			}
		},
		{
			"from": [10, 0, 5],
			"to": [12, 3, 7],
			"rotation": {"angle": 22.5, "axis": "y", "origin": [7, 0, 8]},
			"faces": {
				"north": {"uv": [7, 13, 9, 16], "texture": "#5"},
				"east": {"uv": [7, 13, 9, 16], "texture": "#5"},
				"south": {"uv": [7, 13, 9, 16], "texture": "#5"},
				"west": {"uv": [7, 13, 9, 16], "texture": "#5"},
				"down": {"uv": [7, 14, 9, 16], "rotation": 90, "texture": "#5", "cullface": "down"}
			}
		}
	]
}